store_id,portal_id,date,score,review
1,1004,10.31.일,,Good
1,1004,10.31.일,,십년넘게 단골집.. 맛은 보장해요..연천올때마다  꼭 들려먹는곳이예요~^^
1,1004,10.31.일,,맛있어요
1,1004,10.30.토,,넘 맛있었어요후식으로 먹은 식혜도 순삭했어요재방문의사 1000%
1,1004,10.30.토,,굿
1,1004,10.30.토,,신속하고친절하고비빕 맛있어요
1,1004,10.29.금,,아들 군대가 가까이 있어 먹고왔어요
1,1004,10.29.금,,명성에비해 맛은 그닥...그냥 쏘쏘한정도인듯요.
1,1004,10.29.금,,역시 굿^^
1,1004,10.28.목,,굳
1,1004,10.28.목,,두번째 방문인데 역시나 맛있게 먹었어요~갠적으로 가성비 넘나 좋은 곳~👍
1,1004,10.24.일,1.0,그냥 본점이라는거빼면 갈 이유가 전혀없는듯..불친절에 육수도 컵도 다떨어지고.. 뜨거운 육수에 얇은 스텐컵..감사인사에도 대답조차 하지 않음.
1,1004,10.24.일,5.0,여자셋 국수 모두 곱배기에 만두까지 해서 먹으니 양이 딱 좋아요. 연천 온김에 먹고가요. 면발이 쫄깃하고 매콤해요.
1,1004,10.24.일,5.0,맛있어요
1,1004,10.24.일,5.0,
1,1004,10.24.일,4.0,본점이 맛은 가장 좋은듯요! 매장넓고 음식빨리나와서 좋아요
1,1004,10.24.일,5.0,좋아요
1,1004,10.24.일,5.0,좋아요
1,1004,10.23.토,5.0,
1,1004,10.23.토,,좋아요
1,1004,10.23.토,,좋아요
1,1004,10.23.토,,좋아요
1,1004,10.23.토,,맛있어요
1,1004,10.23.토,5.0,맞있어요
1,1004,10.23.토,4.0,
1,1004,10.23.토,,굿~
1,1004,10.23.토,5.0,잔치국수는 첨 먹어봤는데 넘 맛있어요!
1,1004,10.21.목,4.0,비빔 맛있어요
1,1004,10.21.목,4.0,가성비좋아요
1,1004,10.20.수,5.0,맛있어요
1,1004,10.19.화,2.5,너~~~~~~무 불친절함....돈을 벌었으면 이젠예의도 벌어봅시다..
1,1004,10.18.월,4.5,맛있어요
1,1004,10.18.월,5.0,맛있어여
1,1004,10.18.월,5.0,좋아요
1,1004,10.18.월,,맛있어요
1,1004,10.18.월,4.5,연천 놀러갔다가 점심 유명해서 들렸는데 맛있어요
1,1004,10.17.일,5.0,그냥 최고. 잔치국수 깊고 깔끔한 국물.비빔국수 양념 맛남.심지어 생양파까지. 맛남. 국수가 먹고싶어서 재방문하고픈 곳은 첨임
1,1004,10.17.일,5.0,맛있어요
1,1004,10.17.일,4.5,계란은 3개 2천원 따로 추가해서 먹었어요~~ 예전맛이랑 살짝 달라진것 같은데 그래도 너무 맛있어요!
1,1004,10.17.일,5.0,맨날 동네에서만 먹다가 드디어 가본 망향본점! 본점이라 그런지 확실히 더 맛있음! 그리고 애견동반이 가능한 장소가 있어 정말 감사해요! 😊
1,1004,10.16.토,5.0,저렴하고 맛나요김치도 회무침 비슷한맛나고 비빔국수가 소스도 고소하고 진하고 많아요굿bb
1,1004,10.16.토,5.0,개존맛탱
1,1004,10.16.토,5.0,유명한덴 이유가 있다 라는 말에 부합하는 집 비빔국수 잔치국수 모두 전국구급 맛이고 국수+만두가 만원도 안하는 조합이라는건 그냥 축복임 동네에 분점하나 생겼으면 하는 바램이 먹으면서 샘솓음ㅠ 본점을 방문시에는 먹기전 강철비 국수영상을 사전 시청하고 갈것!
1,1004,10.16.토,4.0,맛있어요
1,1004,10.16.토,4.0,맛있어요
1,1004,10.15.금,,망향비빔국수 맛있다고 얘기만 듣고 처음 가봤어요.  본점이라 그런지 엄청 크네요. 키오스크로 주문하고 번호가 전광판에 나오면 받으러 가는 방식이에요. 비빔국수야 당연히 맛있었고요.  잔치국수도 맛있어요.  만두도 국수먹으면서 곁들여 먹을수 있을 정도의 크기와 양 그리고 부담없는 가격이라 잘 먹었네요.  다만 식혜는....^^;;;;;;  (주관적인 입맛이에요) 밖에서 손 씻고 들어갈 수 있게 되어있어서 좋아요.  날씨가 좋으니 전체 환기가 잘 되도록 문을 다 열어놓으셔서 아주 기분좋게 잘 먹고 왔습니다.
1,1004,10.15.금,5.0,주차장도 넓고 식당도 넓어용 맛잇어용
1,1004,10.15.금,4.0,넓고 주차하기 편하네요. 맛은 살짝 맵지만 중독성 있네요.
1,1004,10.14.목,5.0,넘 맛나욮ㅎㅎ
1,1004,10.14.목,4.0,
1,1004,10.13.수,4.0,많이매워요
1,1004,10.13.수,3.5,맛있어요
1,1004,10.13.수,5.0,
1,1004,10.13.수,4.0,쏘쏘 맛잇게매콤 굳ㅇ ㅣ 찾아갈맛은아닌..?
1,1004,10.12.화,5.0,가성비 갑이요!
1,1004,10.11.월,3.5,커요
1,1004,10.11.월,5.0,국수 간편히 먹고오기 좋아요
1,1004,10.11.월,3.5,조아요
1,1004,10.11.월,5.0,맛있습니다. ㅎㅎㅎㅎㅎㅎㅎㅎ
1,1004,10.11.월,4.5,사람 많아서 촘 정신없지만국수 맛있음. 소면은 아닌데 쫄깃쫄깃~
1,1004,10.11.월,2.0,본점이라 기대하고갔는데 음식 간이 너무 쎄요.종일 물을 찾게 될정도다른 지점보다 양도 적고 별로였어요.
1,1004,10.11.월,4.0,음식나오는 속도도 빠르고  본점이라그런지  매장도 커요
1,1004,10.10.일,5.0,맛있어서 또 3인분 포장♡
1,1004,10.10.일,5.0,또 생각나서 1주일 만에 바로 또 방문♡곱배기 + 만두 콤보는 진리네요^^
1,1004,10.10.일,,좋아요
1,1004,10.10.일,5.0,사람이 너무 많아서 포장만 했어요. 그래도 맛나요
1,1004,10.10.일,3.5,새로 리모델링을 해서 넓긴 한데 어딘가 어수선해요맛은 나쁘지 않고 별미로 먹을만합니다모든것이 셀프라 불편하지만 가격이 낮아져서 위안이 됨
1,1004,10.10.일,,좋아요
1,1004,10.10.일,2.5,ㅇ
1,1004,10.10.일,4.5,본점이라 다른 지점보다 더 맛있는거 같아요.엄청 크고 깔끔하네요.
1,1004,10.9.토,4.0,🤗
1,1004,10.9.토,4.5,매장이 커져서 좋네요  맛도 괜찮습니다
1,1004,10.9.토,5.0,굿
1,1004,10.9.토,4.5,사람 많지만 맛있어요 대기 시스템이 잘 돼 있어요 👍🏻
1,1004,10.9.토,5.0,맛있음
1,1004,10.9.토,,비빔이나 멸치국수 둘다 맛있네요
1,1004,10.8.금,,음식이 맛있어요~~
1,1004,10.8.금,5.0,아주좋아요자주갑니다
1,1004,10.7.목,4.5,맛집이라고 해서 기대없이 먹었는데 우항!!!! 진짜 맛있어요!!!! 진짜 맛집!!!! 인정해용!!!!또 근처 오면 꼭 먹어야겠어요.
1,1004,10.5.화,5.0,잘 먹었어요~~~
1,1004,10.4.월,3.0,강철비 영화를 기대하며 갔는데 영화의 흔적은 없네요. 비빔국수는 맛있었는데 잔치국수는 면이 많이 불어서 아쉬웠어요.
1,1004,10.4.월,5.0,잔치국수가 맛잇어졋네요!
1,1004,10.4.월,4.5,짱맛!
1,1004,10.4.월,4.0,^^
1,1004,10.3.일,5.0,망향 비빔국수 본점을 드디어 방문하였습니다 ㅠ비빔국수 곱배기 + 국수사리 + 만두 주문!! 가격도 저렴하고 주문도 키오스크라 편해서 좋습니다 ㅎㅎ 주문번호 나오면 셀프로 받아가는 시스템 좋아요^^ 온육수가 진짜 최고!! 매장도 크고 주차장도 넓어서 편하게 드실수 있습니다♡ 굿굿^^
1,1004,10.3.일,5.0,비빔국수 맛남
1,1004,10.3.일,5.0,홀 정리가 넘 안되네요
1,1004,10.3.일,5.0,.
1,1004,10.3.일,4.0,맛있어요!본점과 가맹점은 맛이 달라요!!
1,1004,10.3.일,3.0,복잡해요
1,1004,10.3.일,4.5,맛있어요..
1,1004,10.3.일,4.0,잘다녀왔습니다~
1,1004,10.3.일,5.0,좋아요
1,1004,10.3.일,3.5,맛있어요
1,1004,10.3.일,5.0,맛있어요.
1,1004,10.3.일,4.5,좋아요
1,1004,10.2.토,4.5,좋아요
1,1004,10.2.토,2.5,별로예요
1,1004,10.2.토,5.0,맛집인정
1,1004,10.2.토,3.0,휴게소인줄 알았어요 시스템이 휴게소같네요
1,1004,10.2.토,5.0,언제나 좋아요
1,1004,10.2.토,5.0,애용하고있어요
1,1004,10.2.토,5.0,너무 맛있어요!^_^애견들도 먹을 수 있는 공간이 있어 좋아요(실외)
1,1004,10.2.토,3.5,잔치국수가 그렇게 싼편은 아닌데그래도 착한편이고 비빔국수가 좀더 낫다.중면을 썻다는 것이 좀 차별화 되어있는거 같고.매장이 엄청 커서 놀람.오픈 좀 지나서 기다리지 않고 먹었고다 먹고 나올쯔음부터 방문자가 늘어나는 추세.무료 제공되는 육수는 입맛을 사로 잡았음.하지만 국수를 먹기위해 먼거리를 와서 먹을정도는 아니였음.
1,1004,10.2.토,5.0,메뉴 다 맛있음 ㅠㅠ...❤️
1,1004,10.1.금,3.5,"리모델링 후 매장이 무척 넓어졌고, 화장실도 깨끗해졌네요. 근데 왜 날이 갈수록 음식이 짜지는지...;;;"
1,1004,10.1.금,4.5,맛있어요~~
1,1004,10.1.금,5.0,굿
1,1004,10.1.금,4.0,굿
1,1004,10.1.금,5.0,맛조아여~역쉬 본점!
1,1004,9.30.목,5.0,망향은 항상 맛있음
1,1004,9.30.목,5.0,굿~
1,1004,9.29.수,5.0,좋아요
1,1004,9.28.화,4.5,좋아요
1,1004,9.26.일,4.0,최고
1,1004,9.26.일,5.0,완젼 맛있어요!!
1,1004,9.26.일,4.0,잔치국수 맛있네요~~
1,1004,9.26.일,5.0,역시 본점
1,1004,9.26.일,5.0,
1,1004,9.26.일,4.0,일단 주차하기 널찍한 공간이 있어 너무 좋아요!! 빨리 먹을 수 있는 음식이라 회전율도 엄청 빠르고 키오스크에서 바로 주문해서 기다리는 시간도 길지 않아요. 식당보다는 급식소 혹은 식량배급소에 가까운 느낌이랄까. 맛은 사실 특별한지 잘 모르겠어요. 만두도 평범하고 기대했던 비빔국수도 평범해요. 큰 기대 없이 먹으면 괜찮게 느껴질 것 같아요. 그리고 국수 면을 원래 좀 굵은 걸 쓰는건지 아니면 대량으로 조리하다보니 면이 불은 건지 잘 모르겠어요.
1,1004,9.26.일,4.0,맛있어요.
1,1004,9.26.일,4.0,😷😷😷😷
1,1004,9.26.일,5.0,본점은 다르네요
1,1004,9.26.일,5.0,달면서 맵네요
1,1004,9.25.토,3.5,음식이 맛있어요. 셀프라 불편해요. 친절하지 않아요.
1,1004,9.25.토,4.5,굿
1,1004,9.25.토,5.0,"역시 본점이네요! 비빔국수 정말 맛있어요, 아기국수도 맛있고, 육수도 최고!^^"
1,1004,9.24.금,4.0,잔치국수 맛있어요
1,1004,9.24.금,4.0,의자가 불편한데 매콤하고 좋아요
1,1004,9.24.금,1.5,.
1,1004,9.24.금,4.0,"정말 매장 넓고, 애완견 동반 야외석도 따로 되어있어요. 화장실도 정말 쾌적하고 공간적으론 좋았어요. 앞마당에서 수세미랑 호박이 열렸던데 진귀한 볼거리도 있고 주차장은 건너편이고, 키오스크 1대가 작동을 못해 살짝 복잡했지만, 간편하게 먹기 좋은 곳입니다.  잔치국수가 살짝 짠편이니 참고하세요."
1,1004,9.23.목,4.5,
1,1004,9.23.목,3.5,굿
1,1004,9.23.목,4.0,비빔은 좀 맵네요
1,1004,9.22.수,5.0,맛있어요 만두도..
1,1004,9.22.수,4.0,
1,1004,9.22.수,4.0,맛있게 잘 먹었어요.
1,1004,9.22.수,5.0,조아요
1,1004,9.22.수,5.0,맛나요~~♡
1,1004,9.22.수,4.5,너무 사람이 많아서...
1,1004,9.21.화,4.0,본점이라 그런지 넓고 깨끗합니다.
1,1004,9.21.화,4.5,육수가 너무 깔끔하고 맛있어요국수가 양이 너무 적었어요 여자들이 먹기에도 서운했어요
1,1004,9.21.화,5.0,맛나옹~~ㅋ
1,1004,9.21.화,5.0,맛나요~~
1,1004,9.21.화,5.0,언제나 한결같은 맛있는맛 언제먹어도 맛있어요
1,1004,9.21.화,5.0,양은 보통이고 만두는 맛있어요
1,1004,9.20.월,0.5,"중국분들이카운터를보시는지,케샤가서튼건지,카드취소가안되환불받느라 엄청애먹었네여 ~사무실직원은미안하다는말한마디없으시구~~카드결제할때꼭확인하세여~~"
1,1004,9.20.월,1.5,
1,1004,9.20.월,1.0,"너무 맵고 짜고 솔직히 무슨맛인지, 아! 매운맛에먹는건가 싶은 비빔국수"
1,1004,9.20.월,4.5,연천나들이왔다가찾아간곳가볍게 먹으러갔는데이렇게 사람이 많을줄이야..가격대비굳
1,1004,9.20.월,5.0,맛좋아요
1,1004,9.20.월,4.0,너무 짜요
1,1004,9.20.월,1.0,"저번에 먹어보고 맛있어서 부모님 모시고왔는데...연휴라 사람이 많아서 그런지 완전 노맛이네요...비빔국수는 너무짜고, 식혜는 설탕물수준이고..결국 못먹고 버렸어요....확장했던데 결국 맛이 변하네요"
1,1004,9.20.월,5.0,맛있어요!
1,1004,9.20.월,5.0,본점은 역시 최고
1,1004,9.20.월,4.0,맛있게 잘먹었습니다
1,1004,9.20.월,5.0,망향비빔국수 본점
1,1004,9.20.월,5.0,굿
1,1004,9.20.월,5.0,굿
1,1004,9.19.일,5.0,굿
1,1004,9.19.일,4.5,굿
1,1004,9.19.일,1.5,그릇수거함 앞에서 일하시는분이 너무 불친절 합니다.숟가락이 안보여서 어딨냐고 물어봤는데 대답도 없이 귀찮다는 표정으로 턱으로 가르키더라그요.숟가락은 다 가져가서 쓰지 못했습니다.턱으로 대답해서 정말 불쾌했습니다국수는 맛있어요
1,1004,9.19.일,5.0,본점가서 꼭 먹는걸 추천드려요!
1,1004,9.19.일,4.5,맛남
1,1004,9.19.일,4.0,사람많아요
1,1004,9.19.일,5.0,줄서서 먹는데는 이유가있다
1,1004,9.19.일,4.5,사람많아요
1,1004,9.19.일,4.0,망향 본점은 항상 맛있어요엄청 확장했네요망향 공원도 생김
1,1004,9.18.토,5.0,.
1,1004,9.18.토,4.0,매장도 넓고 맛있어요!
1,1004,9.18.토,5.0,다시 맛있어졌네요.
1,1004,9.18.토,5.0,
1,1004,9.18.토,5.0,"비빔국수 6천원, 만두 3천원에 매우 맛있는 가성비 맛집. 가격 생각하면 모든것이 셀프인것이 이해가되는데 여기와서 서비스가 나쁘다고 하는게 무슨말인지 이해가안감"
1,1004,9.18.토,4.0,맛있어요
1,1004,9.18.토,5.0,좋아요
1,1004,9.16.목,4.5,주차도 편하고 맛도 짱입니다
1,1004,9.16.목,3.5,음식이 맛있었지만 깔끔하지는 않았어요 매장이
1,1004,9.15.수,3.0,불친절해요 ㅜㅜ
1,1004,9.14.화,5.0,더 넓어지고 깨끗해져 이용하기 좋아요
1,1004,9.14.화,5.0,자
1,1004,9.14.화,0.5,주문이 들어갔는데 안들어갔다고 우기시고 그냥 우리가 한그릇줄게라는 장사 마인드시면 곤란합니다 사장님..
1,1004,9.14.화,0.5,하 결제한거까지 보여줬는데도 계속 아니라고 하시다가 마지막에 그냥 못 믿겠는데 주겠다는 식으로 주네요 0점입니다 내 지갑 하; 나 슈퍼블러거인데 ㅋ
1,1004,9.13.월,5.0,
1,1004,9.12.일,5.0,본점이 제일 맛있어요~
1,1004,9.12.일,4.0,좋아요
1,1004,9.12.일,4.0,좋아요
1,1004,9.11.토,5.0,맛있어요
1,1004,9.11.토,3.0,신축 건물 깨끗하고 좋아졌는데 옛날 그모습 때문에 일부로 찾아 같는데 ㅎㅎ이제는 주문 셀프 .음식도 직접 가지로 가야하고고속도로 휴게소 느낌 맛은 그대로 입니다~~
1,1004,9.11.토,4.0,"망향 비빔국수 좋아하는데, 본점은 처음 방문이에요.휴게소 분위기 나서 살짝 당황했지만 국수는 맛있게 잘 먹었어요."
1,1004,9.11.토,4.0,저에게는 비빔국수가 살짝 맵긴 했지만먹으면 먹을수록 계속 먹어지는 맛입니다.
1,1004,9.11.토,5.0,비빔국수랑 만두를 파는데 진짜 소스가 맛있네요 야채수도 뜨끈하니 맛있어요
1,1004,9.11.토,5.0,너무 맛있어요 육수도 맛있구요
1,1004,9.11.토,2.0,키오스크 주문이고 음식도 고객이 직접 가져오고 빈그릇도 가져다 주어야 합니다. 모든 것이 셀프.  그런데 직원들이 불친절합니다. 잔치국수 국물은 바닥에 깔린 정도. 뜨거운 육수 한컵 부어 먹었어요.
1,1004,9.11.토,5.0,맛있어요
1,1004,9.11.토,5.0,맛있음! 별거 아닌데 맛있음!
1,1004,9.10.금,,ㅇㅈ
1,1004,9.10.금,4.5,죠아요
1,1004,9.10.금,4.0,
1,1004,9.10.금,4.0,좋아요
1,1004,9.8.수,5.0,신관이 새로 생겨서 넓도 쾌적하네요~ 맛도 여전히 맛있습니다!
1,1004,9.8.수,4.0,좋아요
1,1004,9.6.월,5.0,8
1,1004,9.6.월,5.0,비빔국수 짱맛 양념👏👏👏👏
1,1004,9.6.월,1.5,너무 짜요
1,1004,9.5.일,5.0,비빔국수가 특별하게 맛있네요~면발이 일반 소면보다 약간 굵고 맛있어요~만두도 맛있어요~
1,1004,9.5.일,4.0,재인폭포 가기전에 점심시간때 가면 손님들 몰릴까  싶어서 조금 일찍 갔는데  그래도~맛은 그냥 저냥 사실 국수 외식은 처음입니다~ㅋ
1,1004,9.5.일,4.5,중면이고 잔치국수 국물이 진해요비빔국수는 깔끔한 매운맛!
1,1004,9.5.일,4.0,맛있게 먹었어요
1,1004,9.5.일,4.0,둥굴레차가 떨어지면 채워두셔야하는데ㅜㅜ 갈때마다 중간쪽둥굴레차는 없어서 안나와요
1,1004,9.5.일,3.5,맛있게 먹었어요
1,1004,9.5.일,5.0,굿
1,1004,9.5.일,2.0,잔치국수 짜고 후추가 많아 매워요 비빔국수도 그냥 그래요 물통이 지저분해요 서빙이 없어 테이블도 직접 닦아야해요
1,1004,9.5.일,5.0,올만에 갔는데 여전히 맛있네요! 기다려서 먹을만함
1,1004,9.5.일,5.0,굿
1,1004,9.5.일,5.0,비빔국수 잔치국수 맛나게 먹었어요
1,1004,9.5.일,4.5,맛있어요~~~~~
1,1004,9.4.토,5.0,맛있어요!
1,1004,9.4.토,3.0,사람들은 맛있다고들하는데 전 그럭저럭요 ~
1,1004,9.4.토,4.0,굿 1년만에 왔더니 매장이 넓어지고 깨끗해졌네요
1,1004,9.4.토,4.0,맛나요!!
1,1004,9.4.토,5.0,로테이션빠르고 맛있고 깨끗합니다
1,1004,9.4.토,3.5,맛나요.주차공간도 무지넓고...    매장도 엄청 크네요.ㅋㅋㅋ 맛나서 자주와야겠어요.
1,1004,9.4.토,5.0,맛있어요.
1,1004,9.4.토,4.0,아기국수 추천
1,1004,9.3.금,3.5,
1,1004,9.2.목,5.0,오랜만에 갔는데 매장도 더 넓어지고 깨끗해 지고 맛은 여전히 맛있고
1,1004,8.30.월,5.0,맛있지만 아주 조금 짠맛이
1,1004,8.30.월,4.0,가격도싸고 맛있어요.  육수까지 나왔다면  좀더 좋았을걸하는 아쉬움이 생겼습니다
1,1004,8.30.월,4.5,
1,1004,8.29.일,3.5,망향국수 본점인데 다른지점보다 짜고 맵네요ㅠㅠ
1,1004,8.29.일,,맛잇고좋아요
1,1004,8.29.일,5.0,매콤새콤달콤~
1,1004,8.29.일,4.5,조아요
1,1004,8.29.일,3.0,다시 생각날만큼의 맛은 아니예요매워서 식혜 시켜서 먹었어요육수도 없고...ㅠ특히 쟁반에서 행주 쉰내가 너무 심했..
1,1004,8.28.토,5.0,조금 매워요 그렇지만 비빔국수 짱 9월 1일부터는 잔치 국수도 시작하신답니다.
1,1004,8.28.토,5.0,굿
1,1004,8.28.토,5.0,군시절부터 사랑해왔던 이맛 충성
1,1004,8.28.토,5.0,맛있어요.
1,1004,8.28.토,5.0,너무맛잇습니다 강아지 데리고갇 야외에서 식사 가능해서 더 좋아요
1,1004,8.28.토,4.0,좋아요
1,1004,8.27.금,3.5,
1,1004,8.25.수,5.0,맛있게 매운 비빔국수제 입맛엔 본점이 가장 맛있어요ㅇ.ㅇ
1,1004,8.23.월,5.0,좋아요
1,1004,8.22.일,4.0,맛있어요  드라이브왓다가 먹기도 하고 좋아요 맛있어요
1,1004,8.22.일,5.0,굿
1,1004,8.22.일,5.0,매장이 무지 넓어서 좋아요국수는 넘 맛있구요!! 근데 본점이 제일 매운것같아요애견동반 자리 야외에 따로있어요
1,1004,8.20.금,3.0,굿
1,1004,8.18.수,5.0,굿
1,1004,8.18.수,3.0,크고 싸고 맛도 굳
1,1004,8.18.수,5.0,최고👍
1,1004,8.17.화,5.0,맵지만 맛있네요!!!
1,1004,8.16.월,3.5,"야외에서 먹을 수 있고, 맵지만 맛있어요!"
1,1004,8.16.월,5.0,맛있어요
1,1004,8.16.월,4.0,
1,1004,8.16.월,5.0,너무맛있어요!!!!본점인 이유가있네요매운편이지만 진짜진짜맛있고 근처오면 매번들릴거같네요~! 잘먹었습니다!
1,1004,8.16.월,4.0,ㄱ
1,1004,8.16.월,5.0,좋아요
1,1004,8.16.월,5.0,너무맛있어서지난번 시키고 또시키고 또시킨걸 반성하며이번엔 한번에 많이 주문했어요😍👍
1,1004,8.15.일,5.0,망향국수 사랑합니다♥ 본점 와서 꼭 먹어여해요!! 젤루 맛나요ㅠㅠㅠ 탕후루 진짜 맛나요♥ 탕후루 꼭꼭 먹어야해요♥♥
1,1004,8.15.일,5.0,굿
1,1004,8.15.일,5.0,굿
1,1004,8.15.일,3.5,시스템이 체계적으로 잘되어있음 바빠서 정신없음
1,1004,8.15.일,4.0,사람이 엄청 많아요~~ 그래도 국수는 맛있어요 완전 매콤해서 식혜는 필수!!
1,1004,8.15.일,1.0,굿
1,1004,8.15.일,4.0,좋아요
1,1004,8.15.일,5.0,맛있네요 ㅎㅎ
1,1004,8.15.일,4.0,맛있어요
1,1004,8.15.일,1.5,왜 사람들이 많은지 이유를 모르겠심돠~~
1,1004,8.15.일,5.0,사람엄청 많아요. 회전률 좋아요. 국수가 매워요..아가국수도 있습니ㄷㅏ
1,1004,8.14.토,4.5,좋아요
1,1004,8.14.토,5.0,좋아요
1,1004,8.14.토,4.0,"신랑을 좋아하는데 전 매워서 ㅜ,.ㅜ;;  식혜랑 만두는 필히 주문합니다~"
1,1004,8.13.금,5.0,친절하고 맛있어요!!
1,1004,8.12.목,3.0,옛날 맛 같지 않네요.만두도 좀 마른듯 해서 뻑뻑했고.만두간장도 어딧는지 보이지 않고.비빔 양념도 다 풀어지지 않아서 뭔가 텁텁한 느낌.셀프도 좋지만 전체적인 식당 분위기가 그닥 정겨워 보이지 않네요.오랜만에 간곳인데너무나 삭막함이 ..
1,1004,8.11.수,5.0,본점 규모가 굉장하네요.주차장도 넓고 비빔국수도 맛있어요.
1,1004,8.11.수,3.0,굿
1,1004,8.11.수,3.0,굿
1,1004,8.9.월,5.0,굿
1,1004,8.8.일,0.5,너무 기대가 컸던걸까요?맛도 없고 맵기만하고..가격만 비싸네요.전부다 셀프라 남은 음식도 음식물쓰레기 본인이 버려야하고..간만에 놀래고 온 식당입니다ㅜㅜ
1,1004,8.8.일,4.0,지나가다 우연히 자주가는망향 본점이라 들어가보았네요. 넓은 매장에 밖에서 손씻고 들어가니 좋았고 키오스크까지 준비되있어 편리했어요. 하지만 군부대 식당같은 느낌? 매장은 넓어좋으나 의자 불편. 육수도 먹을 수 없게되있고 아이들 잔치국수 먹일라고했는데 비빔만 팔아서 아쉬웠어요.
1,1004,8.8.일,4.0,맵지만맛있음
1,1004,8.8.일,4.0,맵고맛있어요
1,1004,8.7.토,5.0,좋아요
1,1004,8.6.금,5.0,본점이라고 해서 들렀어요. 맛있고 양도 많네요. 근데 제입에 맵더라고요. 식당 엄청 넓고 사람도 휴가철이라 그런지 많더라고요
1,1004,8.5.목,5.0,맛나네요
1,1004,8.5.목,5.0,맛집
1,1004,8.5.목,3.5,좋아요
1,1004,8.5.목,4.0,포장했는데 평일인데도 사람이 많네요
1,1004,8.5.목,4.0,미랑사랑해
1,1004,8.5.목,4.5,유명한 가게답게 맛있어요~
1,1004,8.5.목,4.5,비빔국수 맛있어요 ㅋㅋㅋ
1,1004,8.4.수,5.0,오랜만에 갔는데 더 넓어졌어요~
1,1004,8.4.수,5.0,아 ~ 맛있댜  ᴗ̈
1,1004,8.3.화,4.0,가격대비맛도좋고시골이라좋았어요
1,1004,8.3.화,3.5,오우 비빔국수 맛
1,1004,8.3.화,5.0,좋아요
1,1004,8.3.화,5.0,너무맛잇어요
1,1004,8.3.화,4.5,맛나맛나
1,1004,8.2.월,4.0,좋아요
1,1004,8.2.월,5.0,본점은 처음이에요역시나 맛있습니다!!
1,1004,8.2.월,2.0,맛 차이가 없네요.대기 시간 길어요.
1,1004,8.2.월,5.0,굿
1,1004,8.2.월,5.0,굿
1,1004,8.1.일,5.0,집근처 지점은 가봤고 본점 찾아 방문해봤어요. 늦은시간이라 사람이 많지는 않았지만 코시국이라 포장했어요. 역시나 맛있고 양도 많아요.
1,1004,8.1.일,4.5,"맛, 가성비, 환경 모두 좋네요, 먹을수록 매운맛이 좋고요, 다만 오이가 쓴 맛이 있네요."
1,1004,8.1.일,4.0,친절했으면 좋겠어요.그리구 포천점 처럼 매운거 못먹는 사람들 위해서잔치국수 있었으면 좋겠습니다
1,1004,7.31.토,5.0,또 가보고 싶은곳 연천 맛집이에요 ㅎ
1,1004,7.31.토,5.0,주말에 재방문했어요! 역시 맵지만 맛있습니다
1,1004,7.31.토,5.0,좋아요.Good luck!!
1,1004,7.31.토,5.0,비빔국수 정말 인생맛집이었어요!
1,1004,7.31.토,5.0,명불허전
1,1004,7.31.토,3.0,"김치는 맛있는데 국수는 맵기만 하네요. 양념장보다 국수면발이 맛의 주축입니다. 굵게 썰린 오이는 쓴맛이 강합니다. 아기국수는 깨, 참기름과 간장으로만 비벼주는데 울집 애는 별맛 안난다고 한입먹고 마네요. 만두는 평범합니다. 비빔국수 꼭 곱배기 시켜야합니다. 그래야 일반 국수집 양이예요.  이른 오전에도 사람들은 많습니다.  취향에 따라 호불호 갈립니다."
1,1004,7.31.토,4.0,먹으면 먹을수록 너무 매워요…!!!! 오이는 너무 쓰고 …..!!! 하지만 그래도 잘먹었습니다
1,1004,7.30.금,2.5,.
1,1004,7.30.금,5.0,맛있어요
1,1004,7.30.금,5.0,말이 필요없어요.
1,1004,7.29.목,3.0,맛은 있지만 매워요. 유산균과 비타민이 들어있는 국물을 다 마셔보라는 문구가 있으나 청양고추를 잘먹는 사람에게나 해당되는 사항이구요  육수도 없고 반쪽씩 들어있는 계란도 돈 주고 사먹어야하네요. 세조각 들어있는 오이도 넘 썼어요.
1,1004,7.29.목,5.0,
1,1004,7.28.수,5.0,존맛탠!
1,1004,7.27.화,4.0,굿
1,1004,7.26.월,5.0,별로 배가 안고파서 국수 하나랑 왕만두 시켜서 둘이 나눠먹었어용! 존맛 ^0^
1,1004,7.25.일,5.0,굿
1,1004,7.25.일,1.0,헐~~~애견동반된대서데리고갔다가 밖에서 더워뒤지라고 선풍기한대도 설치안해놓고 먹다 먹다 더워서 못먹고 와버림 머하는짓거리들인지 애견동반안하는게 나을듯
1,1004,7.25.일,3.5,.
1,1004,7.25.일,4.0,역시 본점 너무맛잇어요
1,1004,7.25.일,3.0,사람들이 음식남긴걸보고 설마했는데역시 맛은 그닥 넘 맵고짜고그래도 식혜는 맛있던데요
1,1004,7.25.일,4.0,"비빔국수 맛나요. 그런데, 잔치국수는 여름에 안판다고 해서 좀 황당했네요."
1,1004,7.25.일,5.0,맛있어요
1,1004,7.24.토,4.0,매워요
1,1004,7.24.토,4.0,
1,1004,7.23.금,5.0,굿
1,1004,7.23.금,4.0,ㅎ
1,1004,7.23.금,4.0,넘 사람이  많아서  불편했어요
1,1004,7.22.목,4.5,
1,1004,7.22.목,4.0,맛나게 먹었습니다~
1,1004,7.20.화,4.0,
1,1004,7.18.일,5.0,예전에 왔을때보다 새로 지어서 깨끗하고 좋네요
1,1004,7.18.일,5.0,역시 망향은 본점이 제일 맛있어요! 계속 생각나는 맛이에요ㅎㅎㅎㅎ 집에와서 잘 먹었어용 굿굿
1,1004,7.18.일,3.5,역시 본점이 맛있어요.포장도 해서 잘 먹었어요.
1,1004,7.18.일,4.0,싸고 맛나요계란이 없어 좀아쉬워요
1,1004,7.18.일,5.0,너무맛있네요~~ 아기국수짱임댜
1,1004,7.18.일,4.0,잔치국수가 메뉴에서 빠져서 너무 아쉬워요ㅠ.ㅠ아기국수 대신 잔치국수 먹는 아이들도 있는데...
1,1004,7.18.일,5.0,비빔국수 매움
1,1004,7.18.일,4.5,맛있음
1,1004,7.18.일,5.0,드라이브겸 와서 국수랑 유정란 먹고 돌아가면 주말ㅇㅢ 마무리네요^^
1,1004,7.17.토,4.0,맛나요~!!
1,1004,7.17.토,4.5,편리하고 맛있어요~
1,1004,7.17.토,4.5,굿
1,1004,7.16.금,5.0,굿
1,1004,7.15.목,3.0,1년만에 와보니 짜증 매워요
1,1004,7.13.화,4.0,장사잘됨
1,1004,7.13.화,5.0,애견동반가능한 실외도있고 깨끗해요 강추
1,1004,7.12.월,3.5,매콤한 비빔국수와 만두 맛있어요~~
1,1004,7.11.일,5.0,망향 비빔국수 최고에요~~~
1,1004,7.11.일,5.0,매콤한 국수가 참 맛있어요
1,1004,7.11.일,5.0,좋아요
1,1004,7.11.일,4.5,좋아요
1,1004,7.11.일,5.0,맛있어요
1,1004,7.11.일,4.0,좋아요
1,1004,7.11.일,5.0,올만에왔어요
1,1004,7.11.일,4.0,역시 본점이 제일 맛있는거같아요~곱배기 주문했다가 후회했네요~양많아서ㅋ만두는 예전보다 좀 작아진 느낌이~여름이라 그런지 잔치국수는 없어졌어요
1,1004,7.10.토,4.0,
1,1004,7.10.토,5.0,무조건 맛있어요~ ㅋㅋ 포천 세종에서도 먹어 봤지만 역시 본점이👍
1,1004,7.10.토,5.0,존맛탱 왜유명한지알것같아요!
1,1004,7.10.토,4.5,진짜ㅠ최고ㅠㅠ
1,1004,7.10.토,5.0,좋아요
1,1004,7.10.토,5.0,말해뭐해마싯쥬
1,1004,7.10.토,3.5,굿 좋아요
1,1004,7.10.토,4.5,맛있어요
1,1004,7.10.토,4.0,
1,1004,7.9.금,5.0,확장해서 더 깨끗해지고  만드시는모습이 보이니 더 믿음이가고 좋아요
1,1004,7.9.금,3.5,본점에서 직접맛을보니더더욱맛이 조아요
1,1004,7.7.수,4.5,굿
1,1004,7.7.수,5.0,맛있다요~
1,1004,7.7.수,5.0,매콤한데 맛있네요
1,1004,7.6.화,3.0,예전이 그립네요.. 요즘은 국수가 너무 매워져서 본연의 소스맛이 묻히네요 아쉬워요
1,1004,7.6.화,5.0,너무 맞있어요언제 또 가보나 ...꼭 가야지 생각날듯
1,1004,7.6.화,4.5,맛나요 여름에는 물국수안되니 참고하세요
1,1004,7.5.월,5.0,매콤합니당
1,1004,7.5.월,4.0,조아요 맛있어요 추천해요
1,1004,7.5.월,4.0,먹을만함👍🏻
1,1004,7.4.일,5.0,맛잇어용
1,1004,7.4.일,4.5,맛있어요
1,1004,7.4.일,5.0,단골입니다ㅎ
1,1004,7.4.일,4.0,매콤하니 좋아요
1,1004,7.4.일,4.0,좋아요
1,1004,7.4.일,3.0,긋
1,1004,7.4.일,4.0,맵찔이는 너무맵네요 ㅜ
1,1004,7.4.일,5.0,맛잇응
1,1004,7.4.일,5.0,맛잇음
1,1004,7.4.일,5.0,항상 맛있어요!
1,1004,7.4.일,5.0,조아요 푸짐해요 맛있어요
1,1004,7.4.일,4.0,맛있어요 푸짐해요 추천해요
1,1004,7.3.토,4.0,맛있어요
1,1004,7.3.토,4.5,
1,1004,7.3.토,4.5,휴게소처럼 상당히 규모가 크고 애완동물과 함께 먹을 수 있는 야외 테이블도 있어요. 무엇보다 양념이 포인트입니다. 맛있고 가격도 나쁘지 않네요. 굿
1,1004,7.3.토,3.0,제 입맛엔 너무 달아요. 왜 맛집인지..
1,1004,7.3.토,5.0,양도 많고 맛있어요
1,1004,7.3.토,3.0,오랜만에 갔는데 확장해서 휴게소 느낌 낙ᆢ맛도 달라졌어요
1,1004,7.3.토,5.0,굿
1,1004,7.3.토,5.0,굿
1,1004,7.3.토,0.5,짜고  맵고해서   입안이 헐었어유🤑
1,1004,7.3.토,4.0,제 입맛엔 좀 짜네요물국수도 있었으면 좋겠어요
1,1004,7.3.토,,좋아요
1,1004,7.2.금,5.0,굿
1,1004,7.2.금,5.0,맛나요
1,1004,7.2.금,5.0,어머 너무 좋아짐
1,1004,7.1.목,1.5,육수가 없네요ㅜㅜ 식혜 양도 적고 설탕물맛
1,1004,6.30.수,0.5,식혜맛집이에요 돈아깝네요
1,1004,6.29.화,3.5,.
1,1004,6.29.화,4.5,망향비빔국수 본점이 제일 낫다고 해서 가봤는데 다른 지점을 안가봐서 정확한 비교는 어렵지만 맛있게 매콤했어요. 양이 많아서 남기긴 했지만 만두도 같이 주문하길 잘한거 같아요!
1,1004,6.29.화,3.0,좋아요
1,1004,6.28.월,4.0,비빔국수 맛집이라고해서 찾아가봤어여 엄청 오래걸려서갔는데 근처라면 지나가다가 먹겠지만 굳이 이렇게 올것같진 않은 ..? 그래도 맛있게 잘먹었습니다 👏🏻👏🏻
1,1004,6.27.일,5.0,아는 맛인데 맛있네요 ㅋㅋ 살짝 매움 키호스크로 주문하고 빨리 먹을 수 있음
1,1004,6.27.일,4.5,맛있어오
1,1004,6.27.일,0.5,헝... 여기 자주오는데 맛 변한거 같아요 ㅠㅠ 너무 맛이 짜게 변함 :(
1,1004,6.27.일,5.0,너무 맛있게 잘먹었구요 보통인데도 양이 너무 많아서 놀랬어요…
1,1004,6.27.일,2.5,사람이 엄청 많고 휴게소 밥 먹는 기분주말에는 대기도 엄청 길고망향 국수는 집 근처 가까운 곳에서 먹는게 최고인듯
1,1004,6.27.일,4.0,좋아요
1,1004,6.27.일,5.0,비빔국수 맛집
1,1004,6.27.일,4.0,매콤하니 맛있어요 !!
1,1004,6.27.일,5.0,조아요
1,1004,6.27.일,5.0,여기서내가쏜다
1,1004,6.27.일,5.0,다음에도꼭방문
1,1004,6.27.일,1.0,재방문의사 전혀없음.직원들도 불친절한데다 설명도 이상하게함
1,1004,6.27.일,2.0,아기국수보통이랑 아기국수  곱빼기를  시켰음 하나는 곱빼기로줘야지똑같은 그릇에 똑같이 담아서 원래 보통도 많아진다는 식으로 설명하면 누가 믿겠냐고요처음부터 곱빼기하지말고 보통많이주면 되지 설명도 이상하게 하고 직원도 비웃으며 말라고 어이가없어서 다시는 가고싶지않습니다
1,1004,6.26.토,3.0,식혜는 그냥 그래요
1,1004,6.26.토,5.0,비빔국수 넘 맛있어요
1,1004,6.26.토,5.0,맛있어요!
1,1004,6.26.토,5.0,
1,1004,6.26.토,5.0,맛나용
1,1004,6.26.토,5.0,더워지는 날씨 덕분에 이열치열 음식이 생각이나죠.특히 맛보신 분들은 더욱 강렬하게 끌린다는 연천 망향비빔국수 본점!​
1,1004,6.26.토,5.0,개존맛
1,1004,6.26.토,5.0,좋아요
1,1004,6.24.목,3.5,맛있었어요
1,1004,6.24.목,5.0,좋아요
1,1004,6.24.목,5.0,맛있어요
1,1004,6.24.목,4.0,예전처럼 시원한맛은 좀 없어진듯한데그래도 맛좋음후루룩짭짭 ㅋㅋㅋㅋㅋ
1,1004,6.23.수,4.0,맛도있고친절해서 좋았음
1,1004,6.23.수,5.0,망향비빔국수 완전 반했어요. 너무 맛있네요.
1,1004,6.22.화,5.0,굿
1,1004,6.22.화,5.0,본점 역시 맛있어요
1,1004,6.21.월,3.5,쫄깃한 면발은 어느 곳의 국수와도 다르게 배부르네요!! 국물은 담백한데 매콤함은 나중에 올라오네요!!
1,1004,6.21.월,3.5,국수 양념이 너무 매웠습니다.
1,1004,6.21.월,5.0,좋아요
1,1004,6.21.월,3.5,국수 🍜
1,1004,6.21.월,4.0,비빔국수 맛있어요
1,1004,6.21.월,4.5,생~각보다 별로였숨 .. 다른 분점이 더 맛있는 느낌 ?? 만두도 구냥 평범해용
1,1004,6.20.일,5.0,굿
1,1004,6.20.일,0.5,"예전에 맛있었던 기억으로 갔는데 식당이 공장형으로 바뀌고 직원분들은 불친절에, 식탁 닦아주시는데 행주 하나로 여러 식탁 닦고, 야채도 별로 들어있지 않은 그냥 국수네요 정말 별로에요"
1,1004,6.20.일,0.5,옛날 생각나서 재방문한집정말 실랑스럽고 서비스는 전혀 없고 오로지판매에만 신경을 쓰는 두번다시 재방문 하지않을집식탁이 더러워 닦아 달라 부탁해도 불친철물티슈 없냐고 물어봐도 대답없이 손짓으로 없다고불친절 정말 실망 그 자체입니다입맛은 개인의 식성이나 전 개인적으로 맵기만 하고정말 맛없이 먹은 망향 돈이 너무 아깝네요
1,1004,6.20.일,5.0,굿
1,1004,6.20.일,5.0,정말맛있어요.먹을수록 생각나는 맛입니다ㆍ
1,1004,6.19.토,5.0,역시 본점이 최고네요
1,1004,6.19.토,5.0,맛있어요
1,1004,6.15.화,5.0,삶은달걀 3개에 2천원입니다.꼭 먹어야 합니다.
1,1004,6.15.화,5.0,망향 비빔국수는 연천 본점에서 먹어야 합니다....맵찔이들은 쿨피스나 우유 필참 ㅋㅋ
1,1004,6.14.월,5.0,망향 비빔막국수 본점 맛이야 💯애완견과 함께 할 수 있는 공간까지 마련되있고너무너무 좋았어요
1,1004,6.13.일,2.5,잘되던 가게 인테리어 바꾸거나 이전하면 맛 바뀌었다고 하는 글 보면 예민하다 싶었건만 망향도 신관으로 바뀌니까 양념이 약해졌어요.... 하.... 본점이 정말 맛있었는데 충격적이라 재방문을 언제 할진 모르겠습니다.
1,1004,6.13.일,5.0,굿
1,1004,6.13.일,5.0,맛있어요
1,1004,6.13.일,4.0,
1,1004,6.13.일,4.0,맛있어요
1,1004,6.13.일,3.0,
1,1004,6.13.일,5.0,
1,1004,6.13.일,4.5,
1,1004,6.13.일,4.0,맛있어요 ^^
1,1004,6.12.토,4.0,좋아요
1,1004,6.12.토,4.5,맛나요
1,1004,6.12.토,5.0,맛있네요
1,1004,6.12.토,5.0,굿
1,1004,6.12.토,4.5,굿
1,1004,6.12.토,5.0,굿
1,1004,6.12.토,4.0,좀 짜요 ㅠ
1,1004,6.12.토,5.0,너무맛나여. 근데.셀프로 다치워야하는게 불편 ㅜㅜ
1,1004,6.12.토,4.5,좋아요
1,1004,6.12.토,5.0,맛집입니다
1,1004,6.12.토,5.0,주차장도 넓고 휴게소처럼 되어있어요! 국수도 맛있음!
1,1004,6.12.토,3.0,ㅅ
1,1004,6.12.토,4.0,굳
1,1004,6.12.토,4.0,맛있어요
1,1004,6.12.토,5.0,좋아요
1,1004,6.12.토,5.0,새콤달콤 시원하고 맛있습니다! 은근 매워서 글자 써진대로 육수를 다먹을수는 없었지만요 ㅠ 식혜 사먹고나면 멀쩡해집니다!
1,1004,6.10.목,4.5,맛나요
1,1004,6.9.수,3.0,맵찔이 한테는 맵네요...그렇게 맛있지도 않음.
1,1004,6.9.수,5.0,만두가 싸고맛있어요
1,1004,6.7.월,4.0,비빔국수가 맵지고 않고 짜지도 않고 딱 맛있어요~ 본점에 잔치국수 없는게 아쉬워요~
1,1004,6.7.월,5.0,👍
1,1004,6.7.월,3.5,
1,1004,6.6.일,5.0,아빠가 진짜 맛있게 드셨어요! 역시 본점이네요 흐흐🍜
1,1004,6.6.일,4.5,
1,1004,6.6.일,5.0,역시 망향:)
1,1004,6.6.일,4.0,좋아요
1,1004,6.6.일,4.0,좋아요
1,1004,6.6.일,3.0,굿
1,1004,6.6.일,3.5,맛나요
1,1004,6.6.일,3.0,바로옆으로 확장이전했네요 시설은 참 좋은데 맛은 예전만 못한듯. 6월초인데 잔치국수는 하지도않고 비빔만 있고 탕후루도 질이 안좋아졌어요 실망이에요
1,1004,6.6.일,5.0,좋아요~^^~
1,1004,6.5.토,5.0,식혜맛👍양이 더많았으면
1,1004,6.5.토,5.0,탕후루
1,1004,6.5.토,5.0,맛있어요
1,1004,6.5.토,5.0,굿
1,1004,6.5.토,4.5,비빔국수 별로 안좋아하는데 완전 땡기는 맛!!!집에와서도 생각나요.
1,1004,6.5.토,4.0,늘 맛있엉
1,1004,6.5.토,5.0,역시 본점이 맛나네용!
1,1004,6.5.토,5.0,몇년만에 방문했는데 건물도 새로 짓고 무인주문에 번호표순 셀프수령 많이 바뀌었네요. 최애 국수집 너무너무 맛있게 먹었어요. 아기국수도 첨 먹어봤는데 존맛탱. 화장실 포함 시설 전체적으로 깨끗 밝아져서 좋아요.
1,1004,6.5.토,5.0,잘먹고 갑니다 굳굳굳
1,1004,6.5.토,4.0,맛있게 잘 먹엇어용! 빠르게 나와서 정말 좋아용!!
1,1004,6.5.토,5.0,좋아요
1,1004,6.5.토,1.0,개인마다 취향이 다르겠죠~
1,1004,6.4.금,5.0,귿귿
1,1004,6.4.금,5.0,맛있어요 좋아요
1,1004,6.4.금,5.0,너~~~무 좋아요
1,1004,6.2.수,0.5,마스크 벗고 주방에서 돌아다니면서 음식먹고 ~ 떠들고~ 기가찹니다
1,1004,6.2.수,5.0,너무 맛있었던 본점’!
1,1004,6.2.수,5.0,국수는 망향 이 최고인듯.  사람이 넘많아 포장해서 왔어요.
1,1004,5.30.일,4.5,비빔국수 맛있어봤자라고 생각했는데 진짜 맛있어요. 지나가며 지점은 많이봐서 궁금했는데 본점서 첨 먹어보네요. 안매운맛으로 시작해 슬슬 매워졌는데 물마시고 좀지나니 매운기도 싹 떨어져요. 맛있게 매운맛!  면도 쫄깃하게 맛있어요
1,1004,5.30.일,5.0,맛있어요
1,1004,5.30.일,5.0,굿
1,1004,5.30.일,5.0,맛있어요
1,1004,5.30.일,5.0,
1,1004,5.30.일,4.0,맛있어요
1,1004,5.30.일,5.0,좋아요
1,1004,5.30.일,5.0,맛있어요
1,1004,5.30.일,4.0,공장같은 맛있는 국수집
1,1004,5.30.일,4.0,강철비 강철비
1,1004,5.30.일,4.0,강철비보고 왔습네다
1,1004,5.30.일,4.0,본점빨~사람이 너무 많아 정신 없음요
1,1004,5.30.일,5.0,맵고맛있어요
1,1004,5.29.토,5.0,맛있어요~^^
1,1004,5.29.토,5.0,역시 맛나요~ㅋ
1,1004,5.29.토,5.0,굿
1,1004,5.29.토,3.5,저희 가족 입맛에는 좀...
1,1004,5.29.토,4.0,잘먹었어요. 고소하면서 매콤한 맛입니다.탕후루 식혜파는데 탕후루 필수입니다ㅋㅋ
1,1004,5.29.토,5.0,다먹고 하나 포장해가기~
1,1004,5.29.토,5.0,할머니 산소 올 때 마다 와서 먹는 곳.맛있어요~ 옆건물로 옮겨서 깨끗해요~
1,1004,5.27.목,4.0,
1,1004,5.25.화,4.5,가성비 좋고 맛도 괜찮아요좀 매워요
1,1004,5.24.월,4.0,좋아여
1,1004,5.23.일,4.0,맛있어요
1,1004,5.23.일,4.5,ㆍ
1,1004,5.23.일,4.5,맛있어요^^ 안에 내부는 엄청 넓어요 ㅎ
1,1004,5.23.일,5.0,굿
1,1004,5.23.일,4.0,
1,1004,5.23.일,4.0,😷😷😷😷😷😷
1,1004,5.23.일,5.0,😀😀😀
1,1004,5.22.토,0.5,"너무 별로로 변했어요잔치국수도 없어지고, 서비스도 최악"
1,1004,5.22.토,5.0,굿
1,1004,5.22.토,5.0,맛있어요
1,1004,5.22.토,5.0,밭뷰보며 국수먹는데 찐맛 잔치국수는 왜없어진거죠ㅜㅜ그래도 찐맛
1,1004,5.22.토,4.0,사람 넘 많음
1,1004,5.22.토,4.0,비빔국수맛집
1,1004,5.21.금,2.5,단맛이 강하지만 면은 좋습니다 지역 맛집입니다
1,1004,5.20.목,5.0,여기 너무너무 맛있어요!!!특히 둥글레차가 너무너무맛있어요!!!
1,1004,5.19.수,5.0,유명한 곳. 처음가봤는데 좋네요~ 맛있고 경치도 좋아요~
1,1004,5.19.수,4.0,주차장은 건너편에 크게 공터처럼 있고 신관 세운지 얼마 안된것같아요 크고 깨끗한 인테리어지만 의자와 테이블이 전반적으로 관리가 안되어있고 맛은 좋아여 곱배기 양 진짜 많아요ㅋㅋㅋㅋ
1,1004,5.19.수,5.0,맛있어요..
1,1004,5.19.수,3.5,맛나요
1,1004,5.19.수,3.0,맛이 좋아요
1,1004,5.19.수,4.0,굿!
1,1004,5.19.수,3.0,
1,1004,5.19.수,5.0,맛있어요!!
1,1004,5.19.수,5.0,"본점방문! 맛있었어요!가게내부도 넓고 주차장도 완전넓고, 야외식사할수 있는곳도 있어서 좋았습니다!"
1,1004,5.19.수,4.0,테이블이 많아서 웨이팅 없어서 좋았고 바로바로 테이블도 치워주시고 남자 직원분이 정말 친절했습니다 정말 규모가 커서 국수 공장에 다녀온 기분으로 후루룩 먹고 나옴ㅋㅋㅋㅋㅋㅋㅋㅋㅋㅋㅋㅋㅋㅋㅋ
1,1004,5.19.수,0.5,?
1,1004,5.19.수,5.0,기대없이 방문했는데 정말 맛있네요!회전도 빠르고 아이들 있어서 아기국수도 시켰는데 아기국수도 정말 맛있어요 ㅋㅋ
1,1004,5.19.수,4.0,맛있어요
1,1004,5.17.월,5.0,맛있어요~육수가 없어서 아쉬워요 ㅠㅠ
1,1004,5.16.일,2.5,"예전에 다른 지점에서 맛있게 먹었던 기억이 있어서 드라이브차 본점을 가봤는데요. 근데 솔직히 지점보다 별로였어요. 크기가 커서 그런가 다 셀프 시스템이라 편하진 않았고, 무엇보다 둥굴레차 보온통은 있는데 옆에 컵도 없고, 일반 스뎅컵이라 뜨거워서 들기도 힘들고.. 매장이 고객 우선으로 세팅된거 같진 않아보였습니다. 음.. 사실 나쁜 평은 잘 안 쓰는데 본점이라는거에 제 기대치와 기준치가 높아서 좀 그랬을 수도 있을거 같습니다. ^^"
1,1004,5.16.일,5.0,맛있어요
1,1004,5.16.일,5.0,강추!!!!!!
1,1004,5.15.토,5.0,굿
1,1004,5.15.토,5.0,굿
1,1004,5.15.토,5.0,굿~
1,1004,5.15.토,5.0,맛있어요. 입에 딱입니다.
1,1004,5.14.금,5.0,내맘속의 맛집
1,1004,5.14.금,5.0,좀 매콤ㅋ 맛있어요
1,1004,5.13.목,2.0,개인적으론 너무 달고 매웠어요다른 체인점이랑 맛이 좀 다르네요육수 없어요 대신 둥글레차? 같은거 있고두번은 안올것 같아요
1,1004,5.13.목,4.5,굿
1,1004,5.12.수,5.0,맛잇음
1,1004,5.11.화,5.0,맵지만맛있음
1,1004,5.11.화,5.0,한적한시간에 가면 여유롭게 드실수있습니다!맛있어요망향😌
1,1004,5.11.화,5.0,맛있습니다
1,1004,5.10.월,4.5,굿
1,1004,5.10.월,3.5,이용했어요
1,1004,5.9.일,1.0,이곳이 왜?  맛집인지 이해불가입니다. 다들 맛있는 국수를 안 드셔 보셨나봐요ㅡㅡ? 가격 또한 6천 원 받을 거 다 받으면서 식판은 셀프 반납에 식탁은 중고나라에서 3만 원 대에 망한 가게에서 사 올 듯한 수준이고 의자는 등받이도 없는 플라스틱 편의점 의자에 결정적으로 식수가 그냥 수돗물이네요. 솔직히 맛도 분위기도 동내 시장통 같아 6천 원 아깝습니다. 이거 맛있는 거 아닙니다. 그냥저냥 먹을만한 보통 수준이죠. 맛있는 집과 유명한 집을 구별하시길 바랍니다^^
1,1004,5.9.일,4.5,연천 갈때 항상 들러서 먹고 가요
1,1004,5.9.일,3.0,굿
1,1004,5.9.일,5.0,찐맛집임
1,1004,5.9.일,4.5,굿굿
1,1004,5.9.일,4.0,맛있는데 멸치육수 없는게 아쉬워요
1,1004,5.9.일,4.0,첫 맛은 막 맵지 않은 데 막상 먹다보면 맵습니다. 그래도 맛있어요. 면이 쫄깃하고 좋아요.
1,1004,5.9.일,4.0,맛있어요
1,1004,5.9.일,4.5,새콤달콤은 아니지만 맛있어요
1,1004,5.9.일,4.5,맛있지만 좀 짯어요..
1,1004,5.9.일,4.0,좋네요
1,1004,5.9.일,4.0,굿
1,1004,5.9.일,4.5,맛있습니다!온통 빨간색에 김치도 많이 들어있어서 매울 줄 알았는데 생각보다 많이 맵지않구요. 김치 먹는 식감도 좋습니다. 식당 내부가 넓고 주차도 편리합니다!!
1,1004,5.9.일,4.0,비빔국수만 파는곳매운데 맛있어요
1,1004,5.8.토,2.0,매콤하고 일반적인 비빔국수 맛입니다. 파리가 많습니다. 주차장이 넓어서 좋아요.
1,1004,5.7.금,4.0,본점이라 맛이 다르진 않아요. 어린이대공원점이 더 맛있는 느낌?ㅎ 그리고 코로나이고 평일이라 그런지 주문후 좀 기다려야 음식이 나옵니다.식당은 신축해서 내부 깔끔은 하네요.
1,1004,5.7.금,2.0,"너~~~~무 달고 너~~~~무 매워요, 양은 엄청 많음.. 반찬이랑 만두는 맛있는데 정작 메인인 국수가 너무 실망이네요"
1,1004,5.6.목,4.0,맛있어요.
1,1004,5.6.목,5.0,맛있어요
1,1004,5.6.목,4.5,맛있어요
1,1004,5.6.목,4.5,맛있어요
1,1004,5.6.목,4.5,좋아요~~
1,1004,5.5.수,5.0,자주 오는 단골집:D 워낙 유명한 곳이라 따로 더 말할 필요가 없을 것 같네요ㅎㅎ
1,1004,5.5.수,4.0,잘먹었습니당
1,1004,5.5.수,5.0,망향국수 연천 본점맛있어요식당 새로 지어서 넓고기업같아요~^^
1,1004,5.5.수,5.0,엄~~청 맵지만 계속 생각나는 맛이예요
1,1004,5.5.수,5.0,비빔국수 안좋아하는 남편도 맛있다고 곱배기먹을것을 하며 아쉬워 했어요~
1,1004,5.5.수,3.0,너무 짜고 매워요
1,1004,5.5.수,5.0,맵단맵단
1,1004,5.4.화,4.5,넘 맛있어요
1,1004,5.4.화,5.0,맛남
1,1004,5.4.화,5.0,맛나요 단맛이강함
1,1004,5.2.일,5.0,매콤하고 맛있어요
1,1004,5.2.일,5.0,국수 안 좋아하는데 여기 국수 가끔 생각나는 맛~
1,1004,5.2.일,0.5,"연천올 일 있어서 먹었지, 일부러 이거먹으려고 왔으면 굉장히 화났을거 같네요. 사람많은게 희한할정도..만두도 평범, 국수도 맵기만하고 ㅜ"
1,1004,5.2.일,4.5,
1,1004,5.2.일,5.0,좋아요
1,1004,5.2.일,4.5,그동안 먹어왔던 비빔국수와 다른 양념맛. 달면서도 매콤하고 맛있었어요. 만두는 그냥 그랬음
1,1004,5.1.토,4.0,맛 굿
1,1004,5.1.토,5.0,부대앞에 망향국수 본점!!있어요겨울까지 따뜻한 국수는 안되나바여
1,1004,5.1.토,5.0,좋아요
1,1004,5.1.토,0.5,계속 주문 미스나고 틀리고 호스트 보는 아주머님 빼고 승질만내시고 잘못나오고 아주 가관쓰~ 40분기다림
1,1004,5.1.토,5.0,맛있어요
1,1004,5.1.토,4.5,존맛
1,1004,4.28.수,5.0,좋아요
1,1004,4.27.화,4.5,부대앞이라 정신사납고 어수선하지만 맛은 생각보다 맛있어요 사람이 넘많다보니 일하시는 분들의 친절은 접어두어야 해요
1,1004,4.27.화,5.0,맛있어요
1,1004,4.26.월,4.0,좋아요
1,1004,4.25.일,3.0,좋아요
1,1004,4.25.일,3.5,맛있고 애견동반가능해서 좋은데 옆에서 하수구냄새가 좀 올라왔음ㅠㅠ
1,1004,4.25.일,4.5,본점에서 처움 먹어봤는데 너무 맛있네요♡
1,1004,4.25.일,4.5,조하
1,1004,4.25.일,4.5,.
1,1004,4.24.토,5.0,진짜 맛있어요.. 먼거리지만 후회없는맛!
1,1004,4.24.토,5.0,말이 필요없는 맛집
1,1004,4.24.토,5.0,"거리가 멀긴하지만,가격  저렴하고 너~~~무 맛있어요.비빔이랑 만두먹고 잔치도 궁금해서 또 시켜먹고....일행들과 이구동성 다음엔 첨부터 비빔,잔치, 만두 전부 시킨다!"
1,1004,4.24.토,5.0,맛있어요
1,1004,4.24.토,3.0,먹다가 찍었어요. 매콤 달콤 맛있어요
1,1004,4.24.토,4.5,맛있어요
1,1004,4.21.수,3.5,"카운터 할머니 불친절.주문부터 평점 날아감.만두 3000원에 작은만두 4개... 개비싸국수는 잔치,비빔 모두 괜춘"
1,1004,4.20.화,4.5,
1,1004,4.20.화,4.0,비빔국수 맛있어여
1,1004,4.20.화,4.0,좋아요
1,1004,4.19.월,3.5,면발이 쫄깃해요
1,1004,4.19.월,4.0,맛있어요
1,1004,4.18.일,5.0,맛짱
1,1004,4.18.일,5.0,
1,1004,4.18.일,4.0,처음 먹어본 망향이네요.조금 짜긴 했지만 맛있어요다음엔 잔치국수도 먹어보고 싶네요
1,1004,4.18.일,5.0,오랫만  맛있게 먹었어요
1,1004,4.17.토,1.0,맛은 있는데 카운터 보시는 할머니 너무 불친절하고 짜증을 내셔서 기분 나쁘네요
1,1004,4.17.토,5.0,정말 맛있어요
1,1004,4.13.화,4.0,맛있네요
1,1004,4.11.일,4.0,좋아요
1,1004,4.11.일,5.0,맛있어요
1,1004,4.11.일,4.0,탕후루 맛있네요
1,1004,4.11.일,4.0,맛있어요
1,1004,4.10.토,5.0,매콤달콤맛있어요!! 체인점이 많지만본점이 젤로 맛있어요!!만두 비빔국수소스에 콕찍어먹으면 완전 맛있어요!!
1,1004,4.10.토,5.0,1
1,1004,4.10.토,5.0,역시 본점이 맛있네요
1,1004,4.10.토,5.0,연천 와서 안들리면 허전한곳이에요 김치 아삭아삭하고 매콤달달하고...  여전히 장사는 잘되네요 미어터져요 ㅋㅋ
1,1004,4.10.토,5.0,망향국수 본점사람도 많고 비빔국수 맛있어요.가게보다 커보이는 주차장도 있어요
1,1004,4.10.토,5.0,존맛
1,1004,4.10.토,5.0,와 맛잇어요 ㅋㅋㅋㅋ
1,1004,4.10.토,4.0,좋아요
1,1004,4.10.토,4.0,좋아요
1,1004,4.9.금,4.0,면발이 죽여줌
1,1004,4.5.월,1.5,점점 맛이 없어지고 방역수칙 엉망
1,1004,4.5.월,5.0,맛있고 깨끗해영
1,1004,4.4.일,4.5,맛있어요
1,1004,4.4.일,5.0,굳이 찾아가서 먹어봄직한 맛이다. 6천원 비빔국수 먹을때마다 감동이다.
1,1004,4.4.일,4.5,진짜맛집
1,1004,4.4.일,5.0,연천으로 드라이브 간다면 재인폭포 산책 하고 망향국수본점에서 비빔국수에 만두를 먹어주는게 국룰~
1,1004,4.4.일,4.0,맛나요
1,1004,4.4.일,5.0,좋아요
1,1004,4.4.일,5.0,맛나요~
1,1004,4.3.토,5.0,항상친절하세요!
1,1004,4.3.토,2.0,
1,1004,4.3.토,5.0,조아요
1,1004,3.29.월,5.0,미친듯 흡입했어요~오늘은 곱배기~~^^
1,1004,3.28.일,5.0,일요일 늦은 시간이라 대기없이 잘 먹었네요
1,1004,3.28.일,5.0,맛있어요 재방문햤어요
1,1004,3.27.토,5.0,맛있어요
1,1004,3.26.금,3.0,좋아요
1,1004,3.26.금,3.0,좋아요
1,1004,3.24.수,5.0,비빔국수 달달하고 맛있어요ㅠ.ㅠ
1,1004,3.23.화,4.0,"비빔국수, 잔치국수 너무 맛있게 잘먹었습니다! 국수 맛집!만두는 그냥 평범한 만두였고 차갑게 나온 점이 아쉬웠습니다."
1,1004,3.21.일,5.0,맛있어요~~
1,1004,3.21.일,4.5,
1,1004,3.21.일,4.0,맛있어요
1,1004,3.21.일,5.0,맛있어요~
1,1004,3.21.일,4.5,망향국수는 역시 본점 이죠 캠핑 갈때 마다 찾는곳인데 역시나 맛있어요 소스만 따로 판매 함 집에서도 먹을수 있고 좋은데 아숩지만 또 먹으러 가야죵 ㅎㅎ
1,1004,3.21.일,5.0,맛있어요~~
1,1004,3.20.토,5.0,인생비빔국수
1,1004,3.19.금,5.0,맛나요
1,1004,3.19.금,4.0,맛있어요
1,1004,3.19.금,5.0,맛나여
1,1004,3.17.수,4.0,Good
1,1004,3.16.화,5.0,요즘제인생맛집!
1,1004,3.16.화,5.0,좋아요 맛있어요~
1,1004,3.16.화,4.5,좋아요
1,1004,3.16.화,4.5,좋아요
1,1004,3.15.월,3.0,😊
1,1004,3.15.월,5.0,좋아요
1,1004,3.15.월,4.5,좋네요
1,1004,3.15.월,5.0,좋네요
1,1004,3.14.일,4.5,언제나 먹어도 맛있어요~~
1,1004,3.14.일,4.5,사람도 많고 맛도 좋아요
1,1004,3.13.토,5.0,굿
1,1004,3.13.토,5.0,굿
1,1004,3.13.토,4.5,맛있어요
1,1004,3.13.토,5.0,맛있어요 굿굿 식사시간피해가니 널널해요
1,1004,3.13.토,3.5,좋아요
1,1004,3.13.토,5.0,매콤달콤 맛있어요
1,1004,3.12.금,5.0,인생 맛집~~!!!!완제 제 취향저격인 비빔국수 였어요♥0♥
1,1004,3.10.수,5.0,맛있어요.
1,1004,3.7.일,5.0,우연히들린곳인데진심맛있어요
1,1004,3.7.일,4.5,맛있어요^^
1,1004,3.7.일,5.0,추웠지만 맛있고 저렴해서 좋아요♡
1,1004,3.7.일,5.0,
1,1004,3.7.일,4.0,좋아요 좋아요 좋아요
1,1004,3.7.일,5.0,맛있고바쁜데 친절하시더라구요 비빔도 잔치도 만두도 맛있음
1,1004,3.7.일,4.5,진짜맞잇다^^
1,1004,3.7.일,4.0,비빔국수맛있어요~~사람들이넘넘많앙ᆢ
1,1004,3.7.일,5.0,비빔국수 맛있었어요. 나중에 잔치국수도 먹어보고 싶어요!
1,1004,3.7.일,5.0,비빔국수가 너무 맛있습니다. 안에 김치도 너무 맛있고 면도 쫄깃합니다. 포장도 가능해요!
1,1004,3.6.토,4.0,가게 내부가 넓찍하고 주차공간도 널널해서 넘 좋았어요! 비빔국수는 엄청 빨갛게 보여서 많이 매워보였는데 생각보다 맵지않고 달달매콤 했어요~😆국수가 차가워서 엄청 쫄깃했습니당 만두도 맛있었어요👍
1,1004,3.6.토,4.0,좋아요
1,1004,3.5.금,5.0,국수에 만두 싸먹으면 그냥 끝
1,1004,3.5.금,5.0,맛있습니다~~
1,1004,3.5.금,5.0,맛있어요!
1,1004,3.4.목,5.0,맛있어요
1,1004,3.1.월,4.5,"맛이 건강해요~ 어른 둘, 아이 둘이 곱배기 3개에 만두까지 먹었네요ㅎㅎ"
1,1004,2.28.일,5.0,비빔국수 면빨 졸깃하고 아주 맛있어요
1,1004,2.28.일,5.0,맛있어요
1,1004,2.28.일,5.0,본점은 달라요
1,1004,2.28.일,5.0,0
1,1004,2.28.일,4.0,맛집이라 웨이팅이 넘나 길어요.그러나 본점 고유의 맛은 꿀맛!
1,1004,2.28.일,5.0,매콤달콤새콤 이렇게 맛있기 있어요?
1,1004,2.27.토,5.0,본점이라 그런지 맛있어요..
1,1004,2.27.토,5.0,맛있어요
1,1004,2.27.토,4.5,맛있어요~~
1,1004,2.27.토,5.0,맛있어요.
1,1004,2.27.토,5.0,친절도는 보통 맛은 최고
1,1004,2.26.금,4.0,여기 근처 갈때마다 항상 들러여 면이 너무 좋구여 근데 양념은 좀 강한편이예여 그래도 가끔 생각나여
1,1004,2.26.금,4.5,맛있어요. 아기국수는 안매워서 아기국수에요. 양은 어른 먹을만큼 나옴
1,1004,2.24.수,5.0,굿
1,1004,2.23.화,5.0,맛있어요~
1,1004,2.22.월,5.0,국수 맛의 진리
1,1004,2.21.일,5.0,잔치도 맛있지만 잔치보단 비빔이에요
1,1004,2.21.일,2.5,굿
1,1004,2.21.일,4.5,굿
1,1004,2.21.일,4.0,좋아요~
1,1004,2.21.일,4.0,⁹
1,1004,2.20.토,5.0,언제나  막어도  맛 좋아요
1,1004,2.20.토,4.0,좋아요
1,1004,2.19.금,5.0,항상 포장해다가 먹는데 맛있어요 ㅋ
1,1004,2.18.목,3.0,보통
1,1004,2.17.수,4.5,후식으로 탕후루 아주좋아요
1,1004,2.17.수,4.5,맛나요~
1,1004,2.16.화,4.5,.
1,1004,2.16.화,4.0,"이모님들이 친절하세요, 맛은 평범"
1,1004,2.16.화,5.0,망향존맛탱
1,1004,2.14.일,4.0,국수 먹고 애들은 탕후루 꼭 먹네요
1,1004,2.14.일,4.0,근처 볼일 있을때마다 먹는데..올때마다 맛이 조금씩 달라요..오늘은 전혀 안 맵네요
1,1004,2.14.일,4.0,어딜가나 본점이 제일 맛있습니다
1,1004,2.14.일,5.0,맛있어요
1,1004,2.14.일,5.0,너무  맛있어요  탕후루도  좋아요
1,1004,2.13.토,5.0,인생최고 비빔국수♡♡♡
1,1004,2.13.토,4.0,맛있어요~
1,1004,2.13.토,4.0,맛있어요. 국수의 쫄깃한 식감과 양념의 하모니~ 그런데 국수치고 너무 비싸요. 보통6000 곱배기 7000원 더구나 주문도 물도  셀프인데 말이죠.
1,1004,2.13.토,2.0,기대를 많이했나봐요~그냥동네국수집이 더 맛있을것같아요잔치국수6000원 비싸네요궂이 찾아갈필요는없을것같아요
1,1004,2.13.토,5.0,너무맛있어 또 오고싶으네요 .
1,1004,2.13.토,5.0,
1,1004,2.12.금,5.0,
1,1004,2.12.금,3.5,맛있어요
1,1004,2.12.금,4.0,국수 집이 식당보다 주차장이 더 크고시국이 어수선 한데 사람들 엄청 많은 광경은태어나서 처음 보네요.(국수집이 이럴 수도 있구나..)맛은 있으나 지나가다가 먹을진 몰라도 굳이 찾아가서 먹진 않을 것 같아요.
1,1004,2.12.금,5.0,맛나요~~~
1,1004,2.12.금,3.0,좋아요
1,1004,2.12.금,5.0,맛있어요
1,1004,2.11.목,4.0,
1,1004,2.11.목,5.0,좋아요
1,1004,2.10.수,5.0,여긴 비빔국수가 진리인듯~~언제나 맛집!
1,1004,2.8.월,5.0,맛있어요
1,1004,2.8.월,5.0,맛있어요
1,1004,2.8.월,5.0,특별한 맛은 아닌데 자꾸 가게되는 곳~
1,1004,2.8.월,5.0,넘나리 마싯는것😆
1,1004,2.7.일,4.5,넘 맛있어요!!
1,1004,2.6.토,4.5,맛있어요
1,1004,2.6.토,4.5,맛있어요!!
1,1004,2.6.토,5.0,맛있어요!ㅎㅎㅎ
1,1004,2.6.토,5.0,너무 마싯었어요 ㅋㅋㅋ 정말 최고 ㅠㅠ 강철비 보고 꼭 가봐야지 했는대 드디어 갔내요
1,1004,2.6.토,4.5,맛나게 잘 먹었습니다
1,1004,2.6.토,5.0,좋아요
1,1004,2.6.토,5.0,비빔국수 맛집이요
1,1004,2.2.화,2.0,맛은 동네분점 만도 못한듯요..본점이라고 기대를 너무했나..육수도없네요.. 다신 안올듯요..아쉽
1,1004,2.1.월,5.0,
1,1004,1.31.일,4.5,"비빔국수 양념 맛있어요! 새콤하니 양념도 맛있고, 면발도 탱탱합니당!"
1,1004,1.31.일,1.0,한번 먹고 다시 억지로 찾아오기는 좀....
1,1004,1.31.일,5.0,여긴 포장해도 맛있어요
1,1004,1.30.토,4.0,맛나요
1,1004,1.30.토,4.0,역시 본점이죠!ㅋㅋ
1,1004,1.30.토,5.0,
1,1004,1.30.토,5.0,진짜 최고의맛이예요!!
1,1004,1.30.토,4.0,맛있어요
1,1004,1.27.수,5.0,좋아요
1,1004,1.24.일,3.0,글케 맛있는지 모르겠어요 비빔양념 많아서 진하네요만두 4개 3천원이네요
1,1004,1.24.일,4.0,맛잇아용
1,1004,1.24.일,5.0,맛있어요
1,1004,1.21.목,5.0,여전히 맛있네요 ㅎㅎ
1,1004,1.21.목,4.0,생각보다..여긴육수가없어요
1,1004,1.20.수,5.0,넘 맛있어요 ㅠㅠ 분점들은 본점 보고 반성해라 ㅜㅜ
1,1004,1.17.일,5.0,좋아요~~맛있어요~
1,1004,1.17.일,5.0,면발부터 만두까지 엄청 맛나게 먹었습니다
1,1004,1.14.목,4.0,잘먹었습니다. 사람은 좀 있어도 커서 크게 불편하지 않네요
1,1004,1.9.토,4.5,잔치국수가 괜찮음
1,1004,1.9.토,5.0,"말해 뭐해요, 근처 올때마자 지나갈때마다 먹는데 일반 지점하고 맛이 달라요, 하남은 큰딸이 하신대여"
1,1004,1.7.목,5.0,본점만한곳이 없네요!! 맛있어요!
1,1004,1.6.수,3.0,유명한국수
1,1004,1.6.수,5.0,역시 본점이다 곱배기양이 아주 훌륭하다 타지점들은 곱배기양이 작아서 맘상하는데.. 그리도 육수 국물이 없는게 단점이네
1,1004,1.4.월,5.0,좋아요. ^^
1,1004,1.3.일,5.0,맛있어요
1,1004,1.3.일,5.0,좋아요
1,1004,1.3.일,5.0,맛있어서 또 생각나요
1,1004,1.2.토,3.0,잔치국수 양은 많아요만두는 비추식혜 강추
1,1004,1.2.토,5.0,매우면서 땡기는맛!
1,1004,1.2.토,3.0,.
1,1004,1.2.토,3.5,흠.
1,1004,1.2.토,5.0,맛있어요
1,1004,1.1.금,5.0,굳
1,1004,1.1.금,3.5,조아요
1,1004,20.12.28.월,4.5,비빕국수 맛있어요 양도많고맛있게 잘 먹고 갑니다^^
1,1004,20.12.27.일,5.0,본점  완전  맛있어요   입맛이 살아나요
1,1004,20.12.27.일,5.0,역시 본점
1,1004,20.12.27.일,5.0,맛있어요
1,1004,20.12.27.일,5.0,맛있어요
1,1004,20.12.27.일,4.5,맛집임
1,1004,20.12.27.일,5.0,좋아요
1,1004,20.12.26.토,5.0,굿
1,1004,20.12.26.토,0.5,맛은 있었지만 서비스가....우선 주문은 비빔2 물2 만두1개를 주문했어요물2개를 가져다주시더니 아무리 기다려도 비빔을 주지 않더라고요 저희보다 늦게 나온 테이블은 계속 나오고있고...그래서 황당해서 이야기하니 종이누락이라고방금 물국수 2개 가져다주고 누락될수도있나요 좀 황당했습니다.
1,1004,20.12.25.금,5.0,비빔국수는 망향비빔국수 궁평본점이 최고!!
1,1004,20.12.25.금,5.0,맛나요
1,1004,20.12.25.금,4.0,비빔국수가 맛나요
1,1004,20.12.22.화,5.0,
1,1004,20.12.21.월,4.5,맛잇어요
1,1004,20.12.20.일,4.0,좋아요
1,1004,20.12.20.일,4.5,👍
1,1004,20.12.20.일,5.0,좋아요
1,1004,20.12.19.토,4.0,맛있어요 특히 비빔굿
1,1004,20.12.19.토,4.0,굿
1,1004,20.12.18.금,5.0,잔치국수먹고 후회. 비빔먹을걸
1,1004,20.12.16.수,2.0,그렇게 맛있지는않아요주문시 미리테이블부터잡고 테이블번호이야기하시고 주문하시는게편해요 정신없어요
1,1004,20.12.13.일,5.0,맛있어요 식혜도 최고🤍
1,1004,20.12.13.일,5.0,
1,1004,20.12.10.목,5.0,좋아요
1,1004,20.12.10.목,5.0,친절합니다
1,1004,20.12.9.수,4.5,맛있어요
1,1004,20.12.9.수,5.0,맛있어요
1,1004,20.12.9.수,5.0,맛있어요
1,1004,20.12.6.일,4.0,탕후루 울딸이 맛나다하넹ᆢㄷ
1,1004,20.12.6.일,5.0,맛잇어용~~^^
1,1004,20.12.6.일,3.0,"참 맛집인데, 기복이 심해요."
1,1004,20.12.6.일,3.5,맛은 좋은데...비싼거 아닌가?그래두 비빔국수는 정말 맛있음...명치국수는 그닥—;만두도 별루...
1,1004,20.12.5.토,5.0,
1,1004,20.12.2.수,4.0,좋아요.
1,1004,20.12.1.화,5.0,넓고 맛있어요
1,1004,20.11.30.월,4.0,맛나요
1,1004,20.11.29.일,4.5,강철비 영화에 나온 망향비빔국수 본점
1,1004,20.11.28.토,5.0,열쇠부대 앞
1,1004,20.11.28.토,4.5,맛있어요
1,1004,20.11.24.화,3.0,기대한 것보다는 별로ㅠ ㅠ 달고 짜고 좀 자극적이에여.
1,1004,20.11.22.일,4.0,#비빔국수# 잔치국수 아들면회같다 근처에 맛있는집있다고해서 가봤는데... 우리동네에 있는 지점보다 더 맛있어요
1,1004,20.11.21.토,4.0,굿
1,1004,20.11.21.토,5.0,좋아요 넘넘 맛있어요
1,1004,20.11.21.토,4.0,좋아요
1,1004,20.11.21.토,5.0,맛있어요
1,1004,20.11.20.금,4.5,.
1,1004,20.11.20.금,5.0,맛있지만.. 멀리 찾아오기엔 국수값이 비싸요.
1,1004,20.11.19.목,5.0,난리났네난리났어
1,1004,20.11.18.수,5.0,맛있어요
1,1004,20.11.17.화,4.5,음식 맛나게 잘 먹었네요~^^
1,1004,20.11.15.일,5.0,맛있어요 비빔양념이 생각나네요
1,1004,20.11.15.일,1.5,설탕국수 ㅋ 왠 시골국수값이 이리비싼지?
1,1004,20.11.15.일,4.0,맛있어요 비빔국수
1,1004,20.11.15.일,2.5,좋음
1,1004,20.11.15.일,4.5,맛있게 잘먹었어요~~
1,1004,20.11.15.일,3.0,본점인데 육수가 없어서ㅜㅜ
1,1004,20.11.14.토,4.0,맛잇는데 애기국수는 넘비싸요 ㅠ
1,1004,20.11.14.토,4.5,맛있어요~~!!
1,1004,20.11.14.토,4.0,맛있어요. 근데 사람 많을 때는 길거리에서 먹어야 함.. 근처에 덤프트럭 많이 다녀서 먼지 날리는데...
1,1004,20.11.13.금,5.0,맛있어요
1,1004,20.11.13.금,4.0,맛있어요
1,1004,20.11.12.목,4.5,마ㅏㅅ이써요
1,1004,20.11.12.목,4.0,좋아요
1,1004,20.11.11.수,5.0,좋아요
1,1004,20.11.10.화,4.0,맛있죠!!
1,1004,20.11.10.화,5.0,맛있고 친절하세요~^^
1,1004,20.11.10.화,5.0,맛있어용~~~
1,1004,20.11.9.월,5.0,굿
1,1004,20.11.9.월,5.0,비빔국수도 맛있는데 잔치국수도 맛있어요!
1,1004,20.11.9.월,5.0,리뷰를 달기가 의미없을 정도로 맛있어요.화장실 안에 세면대가 있음 좋겠어요. 야외에 잏으니 추워요
1,1004,20.11.9.월,5.0,맛있었어요
1,1004,20.11.8.일,5.0,여기 진짜 최고의 맛입니다~!!!
1,1004,20.11.8.일,3.5,식혜가 너무 맛있어용~~ 근데 빨대보관위생이 좀 걱정되긴합니다만 비빔국수도 그냥괜찮게 먹었어용
1,1004,20.11.8.일,5.0,
1,1004,20.11.8.일,5.0,본점이라 맛이 역시
1,1004,20.11.8.일,5.0,주말에는 대기줄이 어마무시하네요~^^
1,1004,20.11.8.일,4.5,Gg
1,1004,20.11.7.토,4.5,맛있어요!
1,1004,20.11.7.토,5.0,.
1,1004,20.11.5.목,5.0,좋아요
1,1004,20.11.1.일,5.0,역시 맛나요~~~~
1,1004,20.11.1.일,5.0,맛있어요!!!겨울 잔치국수도 파이고이집은 비빔국수가 최고죠!!만두도 맛있고쫄깃한 쫄국수면도 좋아요!!비빔 양념이 참 땡기는맛!!
1,1004,20.11.1.일,4.5,맛있어요~
1,1004,20.11.1.일,5.0,비빔국수와 잔치국수를 같이먹어보면 맛있어요
1,1004,20.11.1.일,1.5,바쁘니깐..음..위생이..음
1,1004,20.10.31.토,5.0,음식이 금방 나와서 그런지 회전도 빠르고 좋네요ㅎㅎ
1,1004,20.10.31.토,5.0,역시 본점!제일 맛나요.옆에 확장 공사하시네요
1,1004,20.10.31.토,4.0,맛있어요
1,1004,20.10.30.금,5.0,
1,1004,20.10.30.금,4.0,맛나요
1,1004,20.10.30.금,5.0,맛있어요
1,1004,20.10.29.목,4.0,맛있어요 맛있어요
1,1004,20.10.28.수,4.5,창업주 큰따님이 운영하시는곳이래요
1,1004,20.10.26.월,4.0,집에서가까워서자주오는곳
1,1004,20.10.25.일,5.0,굿
1,1004,20.10.25.일,5.0,목요일에 친구가 사줘서먹고오늘  또가서 먹었는데도 완전 맛있었어요
1,1004,20.10.25.일,4.5,쫄깃한 중면에 한끗 다른 소스로 감칠맛이 있다.가성비도 좋고~주문하는 줄이 길어 대기했지만음식은 엄청 빨리 나옴.
1,1004,20.10.25.일,4.5,쫄깃한 중면에 한끗 다른 소스로 감칠맛이 있다.가성비도 좋고~주문하는 줄이 길어 대기했지만음식은 엄청 빨리 나옴.
1,1004,20.10.24.토,3.0,"맛은 보통인데 사람 많네요, 카운터보는 할머니..친절하진 않습니다."
1,1004,20.10.20.화,5.0,존맛!!
1,1004,20.10.18.일,3.0,맛있긴 한데 가게가 원체 어수선하고 넓어서 관리가 잘 안되요
1,1004,20.10.18.일,4.5,탕후루 별미에요
1,1004,20.10.18.일,4.5,맛잇어요
1,1004,20.10.18.일,4.0,와우 매콤한데 너무 맛있어요사람은 엄청 많음
1,1004,20.10.18.일,5.0,너무 맛있어요
1,1004,20.10.17.토,4.0,맛이ㅛ어요
1,1004,20.10.17.토,5.0,"메뉴가 간단해서 좋아요!비빔국수는 매콤한 편이고,잔치국수는 국물이 짭쪼롬한 편이에요.만두는 수제만두가 아니라 시제품인거 같은데,비빔국수랑 같이 먹으니 잘 어울려요 :D"
1,1004,20.10.17.토,5.0,본점의 맛이 떠올라서 근처에 가면 무조건 먹습니다~!
1,1004,20.10.17.토,5.0,철원다녀오는길에 망향비빔국수 둥글레차~!!대박맛나요  짜지않고 맵지않은 절묘한맛~!!주문하고 앉자마자 나오고  5분만에 뚝딱둥글레차 한사발하고 출발~!!
1,1004,20.10.17.토,4.0,좋아요간편하게 한끼해결
1,1004,20.10.16.금,5.0,사업 번창하세요..
1,1004,20.10.12.월,4.0,맛있어요
1,1004,20.10.11.일,3.5,기대가 너무컸나봐요. 달고 매워요.
1,1004,20.10.11.일,5.0,비빔 국수 맛이 진하고 면발이 쫄깃해서 식감도 좋아요! 잔치국수도 국물이 고소하고 맛있어요
1,1004,20.10.11.일,4.0,
1,1004,20.10.11.일,5.0,가격대비 좋아요
1,1004,20.10.11.일,5.0,존마탱
1,1004,20.10.10.토,3.5,맛나용~
1,1004,20.10.10.토,5.0,손님은 많지만 음식이 빨리나와서 굿
1,1004,20.10.10.토,5.0,맛있어용
1,1004,20.10.10.토,2.5,
1,1004,20.10.10.토,3.0,한번씩생각나요
1,1004,20.10.10.토,4.0,맛있어요
1,1004,20.10.10.토,3.5,그냥그래요
1,1004,20.10.10.토,5.0,정말 맛있네요!! 강추!!
1,1004,20.10.10.토,4.5,맛있음...비빔국수 곱배기 추천~^^
1,1004,20.10.10.토,4.0,멀리까지 왔어요
1,1004,20.10.9.금,4.5,국수 별로 안 좋아하는 저에게 여긴 인생 비빔국수집이네요.
1,1004,20.10.9.금,5.0,좋아요~
1,1004,20.10.9.금,5.0,좋아요~
1,1004,20.10.9.금,5.0,변함없는 맛
1,1004,20.10.9.금,5.0,맛있어요
1,1004,20.10.9.금,4.0,맛도양도좋아용^^
1,1004,20.10.9.금,5.0,맛나요
1,1004,20.10.9.금,5.0,맛집다운 기백과 내공이 느껴집니다.
1,1004,20.10.8.목,3.0,만두는 별로여씀
1,1004,20.10.8.목,5.0,땡기는맛ㅋ
1,1004,20.10.5.월,5.0,맛있었어요 ㅎ
1,1004,20.10.4.일,3.0,누룽지 맛있어서 구매했어요
1,1004,20.10.4.일,2.5,물 수돗물 냄새 많이나요국수 양념이 업그레이드 됐네요
1,1004,20.10.4.일,5.0,맛있게 잘 먹었어요
1,1004,20.10.4.일,3.0,맛집
1,1004,20.10.4.일,5.0,맛집
1,1004,20.10.4.일,4.5,비빔국수 맛있어요 만두도
1,1004,20.10.3.토,4.0,맛잇어요
1,1004,20.10.3.토,4.5,
1,1004,20.10.2.금,4.5,면이 꼬들거리고 보이는 색보다 덜 매워요~매장이 크고 회전율이 빨라요.결제도 빨리되서 금방 막을 수 있어 좋아요^^
1,1004,20.10.2.금,5.0,양념 맛있네여 :)
1,1004,20.10.2.금,3.0,좋아요
1,1004,20.10.2.금,5.0,가격도 저렴하고 양념이 너무 맛있어서 호로록 흡입하게 됩니다
1,1004,20.10.1.목,4.0,좋아요
1,1004,20.10.1.목,3.0,맛이 변한듯
1,1004,20.10.1.목,4.0,느끼한 음식 먹고 이거 먹음 최고 오이에 상추 양파까지 아삭ㅋ사람 엄청 많네요 가격만 조금 내려주세요
1,1004,20.10.1.목,4.0,맛나요!
1,1004,20.10.1.목,4.0,맛있습니다..  본점은 다른 지점들과 아예 틀린맛.. 프렌차이즈면 지점들 맛이 일정해야하는데 본점과 다른게 잘 이해는 안됩니다..
1,1004,20.10.1.목,2.0,"넘 짜고 허접해요어르신들 간이에요.선택의 여지도 없는 간  맞춤,6천원인데 원가율이 1천원정도?"
1,1004,20.10.1.목,4.0,
1,1004,20.10.1.목,4.0,비빔국수 양도 많고 맛있어요
1,1004,20.10.1.목,4.0,좋아요
1,1004,20.10.1.목,5.0,맛나용~~
1,1004,20.10.1.목,4.0,맛있어여
1,1004,20.9.30.수,4.0,조금 맵지만 맛나요
1,1004,20.9.30.수,5.0,양도 많고 맵지 않고 맛있어요
1,1004,20.9.27.일,4.0,코로나로 바깥에서 먹었어요위생에 좀더 신경써주세요
1,1004,20.9.27.일,3.0,^^
1,1004,20.9.27.일,3.0,맛있어요
1,1004,20.9.27.일,4.0,포장도 되요
1,1004,20.9.27.일,5.0,망향은 본점이 제일 맛있어요 :) 계란 꼭 먹어야합니당!
1,1004,20.9.27.일,5.0,맛나욤
1,1004,20.9.26.토,5.0,미사리점보다 맛있어요. 가격도 저렴하고연천가면 꼭 추천합니다.
1,1004,20.9.26.토,3.5,
1,1004,20.9.26.토,4.5,새콤 비빔국수 맛있어요
1,1004,20.9.26.토,4.0,뜨거운 둥굴레차와 먹으면 맛있습니다
1,1004,20.9.26.토,4.5,맛있어요
1,1004,20.9.26.토,5.0,망향 본점 맛있음
1,1004,20.9.26.토,5.0,
1,1004,20.9.26.토,4.5,좋아요
1,1004,20.9.24.목,5.0,일하다 자주 들리는 곳인데 올때마다 맛있게 잘 먹구 갑니다~~
1,1004,20.9.23.수,5.0,ㅇㅃ
1,1004,20.9.21.월,5.0,ㅎㅎ
1,1004,20.9.21.월,5.0,맛있어요
1,1004,20.9.20.일,5.0,맛
1,1004,20.9.20.일,4.0,맛있어요
1,1004,20.9.20.일,5.0,존맛탱먹으면서도 또먹고싶은 맛
1,1004,20.9.20.일,4.0,맛있음!  테이블이 잘 갖춰진 건 아니지만 나름 분위기 있음. 아기국수는 보통임.
1,1004,20.9.20.일,5.0,한고기
1,1004,20.9.20.일,4.0,비빔국수 정말 맛있어요
1,1004,20.9.19.토,5.0,양평가면 들리는 필수코스
1,1004,20.9.19.토,4.0,오늘은 만족못하네요
1,1004,20.9.19.토,5.0,개때
1,1004,20.9.19.토,5.0,맛있어요~^^
1,1004,20.9.19.토,5.0,왕맛있네요
1,1004,20.9.19.토,5.0,진짜로 맛있어요 비빔국수 먹어본 것 중에 최고에요.!!!! 강추
1,1004,20.9.18.금,4.0,좋아요
1,1004,20.9.18.금,5.0,비빔국수 진짜 맛있어요!!짱짱
1,1004,20.9.17.목,5.0,역시 본점이 젤 맛나요다른 지점은 ㅠㅠ
1,1004,20.9.15.화,4.0,맛있어요~~~
1,1004,20.9.13.일,4.5,
1,1004,20.9.13.일,5.0,친구가 군대시절 먹었던 잊을 수 없는 맛이라고 해서 가게 되었는데~정말 맛있었어요!
1,1004,20.9.13.일,5.0,이때까지한100그릇은먹은것같은데항상맛있네요
1,1004,20.9.13.일,4.0,맛있어요
1,1004,20.9.13.일,4.0,맛있게 매운 양념국수입니다. 양념이 진한듯한데 그에 비하면 덜 맵고 맛있네요. 종종 생각날것 같습니다.
1,1004,20.9.13.일,4.5,맛있어요~
1,1004,20.9.13.일,4.0,넘~맛있네요 적당히 매콤
1,1004,20.9.13.일,4.0,맛있어요 ^^
1,1004,20.9.13.일,5.0,맛집입니다..가보세요
1,1004,20.9.13.일,4.0,망향비빔국수6천원만두4개3천원.착한가격.맛있어요~
1,1004,20.9.13.일,3.0,맛은 좋지만코로나 이후에 이렇게 사람 많은곳은 처음 😳서둘러 후다닥 먹고 나옴
1,1004,20.9.12.토,4.5,"비빔국수랑 어린이 국수, 만두 시켜먹었어요~ 맛있구 식당 넓어요"
1,1004,20.9.12.토,4.5,#경기도 #연천 #맛집 1번 #망향비빔국수 #본점수많은 체인 중 드디어 먹어본 본점의 맛!맛 인정^^
1,1004,20.9.12.토,4.5,간이 좀 쌘듯했지만맛은 있었어요.
1,1004,20.9.12.토,3.5,맛있어요
1,1004,20.9.12.토,4.0,간단하게 먹기 좋아요 가격도 저렴하구요간이 좀 강한편이네요
1,1004,20.9.12.토,5.0,ㅎㅎ 좋앙
1,1004,20.9.10.목,5.0,강철비에 나온 비빔국수 맛집! 맛있어요!
1,1004,20.9.10.목,3.0,주차장도넓고 메뉴는 비빔.만두 겨울에는 잔치국수까지 테이블먼저잡으시고 메뉴주문하시면 서빙해주더라구요
1,1004,20.9.10.목,5.0,너무맛있었어요•••지금까지 먹은 국수 중 최고네요
1,1004,20.9.6.일,3.5,맛있지만 깔끔하지는 않아요
1,1004,20.9.6.일,5.0,"맵고, 맛있어요~"
1,1004,20.9.6.일,5.0,본점이 역시 최고존엄맛...
1,1004,20.9.5.토,4.0,ㅇㅇㅇ
1,1004,20.9.5.토,5.0,맛있어요
1,1004,20.9.5.토,5.0,여긴.. 말이 필요없네요..! 원조는 원조입니다.
1,1004,20.9.4.금,5.0,맛집
1,1004,20.9.4.금,5.0,넘 맛있어요♡^♡^
1,1004,20.9.4.금,5.0,
1,1004,20.9.4.금,3.0,점점 맛이없어지는듯 해요ㅠ
1,1004,20.9.4.금,4.0,굿
1,1004,20.9.2.수,5.0,ᆞ
1,1004,20.9.1.화,4.5,좋아요
1,1004,20.9.1.화,4.0,맛있어요
1,1004,20.9.1.화,5.0,맛있어용
1,1004,20.8.31.월,4.0,맛있게 잘 먹었습니다:)
1,1004,20.8.31.월,5.0,맛나맛나 갬성있음
1,1004,20.8.30.일,5.0,좋아요
1,1004,20.8.29.토,5.0,비빔국수 맛있게 먹고 왔답니다
1,1004,20.8.29.토,5.0,좋아요
1,1004,20.8.29.토,4.0,좋아요
1,1004,20.8.29.토,5.0,무조건 본점으로만 가요 최공
1,1004,20.8.29.토,4.5,정말 맛있어요
1,1004,20.8.28.금,4.5,이 날 비냉에 김치 양이 너무적었어요..ㅠㅠ 만두 한 판 비냉 두개먹다가 만두가 너무 맛있어서만두만 한 판 더 추가했네용^^
1,1004,20.8.27.목,4.5,국수 맛있어요
1,1004,20.8.26.수,5.0,왕맛!
1,1004,20.8.26.수,5.0,만족합니다
1,1004,20.8.26.수,4.0,맛있어요^^
1,1004,20.8.25.화,5.0,후식으로 과일디저트
1,1004,20.8.25.화,5.0,시원한 비빔국수 한그릇
1,1004,20.8.24.월,4.0,굿
1,1004,20.8.24.월,3.5,맛있는데 제 입맛엔 국수에 백김치가 씹히는데 그부분만 아니면 굿입니다
1,1004,20.8.23.일,3.5,굿
1,1004,20.8.23.일,3.5,맛있어요
1,1004,20.8.23.일,4.0,맛있어요
1,1004,20.8.22.토,4.0,
1,1004,20.8.22.토,4.0,포장해와서 먹었는데도 맛나네요
1,1004,20.8.22.토,5.0,맛있어요~~^^
1,1004,20.8.20.목,4.5,맛있어요!!!! 이거먹으러 서울에서 두시간 달려서 감!
1,1004,20.8.20.목,4.5,비빔국수 쵝오~~탕우로로 디저트 ^^
1,1004,20.8.17.월,4.0,좋아요
1,1004,20.8.17.월,5.0,맛있어욥!!!!
1,1004,20.8.16.일,5.0,#말필요없음#국수맛집
1,1004,20.8.16.일,5.0,국수조아하는데 넘 맛잇어용
1,1004,20.8.16.일,4.0,비빔국수 맛있어요!만두는 3천원에 조그만한(속은꽉참) 만두 4개 한판에 나와요
1,1004,20.8.16.일,4.0,면발이 다른곳과 달리 쫄깃하네요만두도 맛나고^^
1,1004,20.8.16.일,3.0,맛있어요.....
1,1004,20.8.15.토,4.0,"강철비보다가 국수땡겨서 본점으로 출발.멸치국수가 안팔아서 당황 •_• 하지만 그릇가득 담겨나오는 비빔국수에 금방 헤헿갓 삶은 유정란 3개 2,000원 사서 국수랑 먹기.근데 왜 본점엔 뜨거운 육수가 없는거니? 아쉬워라"
1,1004,20.8.15.토,5.0,믿고 가는집
1,1004,20.8.15.토,5.0,너무 맛나네요~
1,1004,20.8.15.토,4.0,망향비빔국수 만두 맛있어요
1,1004,20.8.12.수,5.0,본점이젤맛나요!
1,1004,20.8.11.화,5.0,"아주 맛있게 먹었습니다양념이 독특하니 맛있더라구요단, 만두는 맛있긴 한데 가격대비 좀 비싼것 같아요다음에 이곳에 오면 또 올것 같아요"
1,1004,20.8.10.월,5.0,망향본점은 사랑입니다♡
1,1004,20.8.9.일,5.0,맛있습니다!!
1,1004,20.8.6.목,4.5,맛있어요
1,1004,20.8.5.수,5.0,최고!  👍
1,1004,20.8.4.화,3.5,기대한것보단 별로 그냥 비빔국수맛. 만두는 피가 딱딱해 덜 찌어졌는지
1,1004,20.8.3.월,3.5,맛있어요
1,1004,20.8.3.월,4.0,맛있네요
1,1004,20.8.3.월,5.0,맛있어요
1,1004,20.8.1.토,3.0,불친절.....
1,1004,20.8.1.토,4.0,기본포장 14.000원에 포장했어요.육수따로. 면은 건면으로 1봉주시네요.맛있게 잘먹었어요~
1,1004,20.8.1.토,3.0,보통
1,1004,20.7.31.금,5.0,좋아요
1,1004,20.7.30.목,4.0,본점까지온보람있어요
1,1004,20.7.29.수,5.0,본점에서 먹은이후로 집근처안가고 시간 걸리더라도 여기가서 먹어요~~ 진짜 맛있어요♡♡강추
1,1004,20.7.28.화,4.5,배부르게 잘 먹었습니다. 주문과 계산을 동시에 직접가서 하는 시스템이네요~
1,1004,20.7.28.화,3.5,망향 본점 이라해서  지나가다 ^^
1,1004,20.7.26.일,5.0,의정부사는데 국수먹으로 자주 가요~ 너무 맛있어요 ㅠㅠ
1,1004,20.7.26.일,5.0,
1,1004,20.7.26.일,5.0,#최고맛집👍👍👍👍👍👍👍
1,1004,20.7.26.일,4.0,군부대 바로 앞에 있는 본점찾아가긴 힘들거같고 그런곳에 있네요.아기국수가 꼬수하니 맛있네요ㅋㅋ
1,1004,20.7.26.일,5.0,명불허전 망향 본점 포천들렸다가 우연히 방문하게 됨 사실 타 지점이랑 크게 맛의차이는 모르겠지만 추억의 맛 본점의 맛이 더해져 더 특별하게 느껴짐 !
1,1004,20.7.26.일,4.0,입맛없을때 생각나는 국수. 추가로 만두까지 ㅎ
1,1004,20.7.26.일,5.0,맛있어요!! 본점!!
1,1004,20.7.26.일,5.0,본점 방문했습니다#망향비빔국수#본점
1,1004,20.7.26.일,4.0,아직 먹어보지 않아서 선불 결제하고 음식 기다리는 중 본점의 위엄~!
1,1004,20.7.25.토,5.0,완젼단골
1,1004,20.7.25.토,5.0,맛있어요
1,1004,20.7.25.토,4.0,식혜 1천원
1,1004,20.7.25.토,4.0,맛난 비빔국수~
1,1004,20.7.25.토,4.0,사람많다주차장 무지넓다
1,1004,20.7.24.금,5.0,오늘은 맛이 별룬데요 갈때마다 맛은 일정하지않네요
1,1004,20.7.22.수,4.0,잘 먹었습니다
1,1004,20.7.20.월,4.0,좋아요
1,1004,20.7.20.월,4.0,맛있어요
1,1004,20.7.20.월,4.0,맛있습나다. 새콤하지 않는 물이 자작한 비빔국수입니다. 참기름이 맛이 강해서 조금느끼함
1,1004,20.7.20.월,4.0,좋아요
1,1004,20.7.20.월,5.0,맛있어요
1,1004,20.7.19.일,4.5,맛있어요
1,1004,20.7.18.토,3.0,보통맛
1,1004,20.7.18.토,4.5,ㅁㅇ
1,1004,20.7.18.토,4.0,좋아요좋아요좋아요 맛있어요 좋아요
1,1004,20.7.18.토,4.5,망향국수 본점최고의 맛이에요~
1,1004,20.7.18.토,5.0,.
1,1004,20.7.18.토,4.0,맛있는데 넘 매움 ㅠ
1,1004,20.7.17.금,3.0,맛있어요 또올께요
1,1004,20.7.16.목,5.0,◡̈⃝
1,1004,20.7.15.수,4.5,진짜맛잇어요
1,1004,20.7.12.일,5.0,사장님 친절하시고 맛있어요
1,1004,20.7.12.일,4.5,맛있게 잘먹었어용양도 많아용
1,1004,20.7.12.일,5.0,역쉬 본점이 젤 맛있음
1,1004,20.7.12.일,5.0,존맛존맛존맛탱 이거 먹으러 한시간 달려왔어요~
1,1004,20.7.11.토,4.0,걍 일반적인맛
1,1004,20.7.11.토,4.0,좋아요
1,1004,20.7.11.토,4.5,맛있어요
1,1004,20.7.11.토,3.5,착한가격 맛도 최고~~
1,1004,20.7.11.토,4.0,#비빔국수맛집
1,1004,20.7.11.토,5.0,언제나 존맛탱입니다. 여기는 찐이예요. 레알
1,1004,20.7.10.금,5.0,매운데맛잇어요
1,1004,20.7.9.목,5.0,맛있어요~~~
1,1004,20.7.9.목,5.0,본점엔 비빔국수만 파네요!!
1,1004,20.7.6.월,5.0,
1,1004,20.7.5.일,5.0,킹왕짱짱짤 좋아요 최고 굿
1,1004,20.7.5.일,4.0,비빔국수 짱 맛있어요..역시망향국수네요~~
1,1004,20.7.5.일,4.0,망향비빔국수 본점 방문! 면이 쫄깃하고 맛있어요~ 양념도 맛있게 매워요ㅋㅋ (*맵찔이들은 조심하세요ㅋㅋㅋㅋ)
1,1004,20.7.5.일,4.0,진짜맛있어요! 유명한이유가 있음만두꼭먹어랏
1,1004,20.7.5.일,4.0,9
1,1004,20.7.4.토,5.0,맛있음 맛있음!!!!!
1,1004,20.7.4.토,4.0,본점이라 사람은 많은데 테이블회전이 빨라요여름이라 잔치국수는 없고 비빔국수만 있구 아기국수 있습니당식혜를 한컵에 천원씩파는데 먹을만해요
1,1004,20.7.4.토,5.0,#비빔국수 #연천맛집 가족나들이가서 먹고왔어요.
1,1004,20.7.4.토,1.0,맵고 자극적인데 맛도 좀 별로에요. 위생 관리도 잘 안 되어있어요.
1,1004,20.7.4.토,0.5,"음..가격은 싸나 양념이 너무 자극적이며, 맛있지 않네요..아쉬움이 많음"
1,1004,20.7.4.토,3.0,맛은있지만 물통이 깨끗하지않네요ㅠㅠ 컵도 포개어져있군 살균기 안에들어있지만 전원은 꺼있어요... ㅠㅠ아쉬운 부분이네요 ㅠㅠ
1,1004,20.6.28.일,4.5,주말이라 손님들도 많고 좋았어요 아쉬운건 잔치국수가 없어졌네요
1,1004,20.6.28.일,5.0,비빔국수 언제 먹어도맛있지!!
1,1004,20.6.27.토,5.0,
1,1004,20.6.26.금,5.0,망향 비빔국수 본점 맛있습니다..추천
1,1004,20.6.26.금,3.5,짜고 매움 간이 점점 쎄짐...
1,1004,20.6.26.금,3.5,왜이렇게 점점 짜고 매워지죠.... 
1,1004,20.6.25.목,5.0,몇번을왔는데 또 오고싶은 맛! 만두는 기성품이네요
1,1004,20.6.23.화,4.0,망향국수입니다망향국수입니다
1,1004,20.6.21.일,4.5,비빔국수 만두 맛있게 잘 먹었어요^^ 근데 잔치국수를 하지않아 아쉬웠어요.. 
1,1004,20.6.21.일,3.0,괜차나용
1,1004,20.6.21.일,5.0,망향국수 본점이 최고네요..^^
1,1004,20.6.21.일,2.5,왜 줄서서 먹는거죵?? ....이해안됨
1,1004,20.6.21.일,5.0,좋아요. 친절하세요
1,1004,20.6.20.토,4.5,"#망향비빔국수 #만두항상 맛있어요.테이블에 먼저 앉고 주문할 때 테이블 번호 알려줘야해요. 예전보다 조금 맛이 달라진 것 같지만 여전히 맛있어요. 만두랑 같이먹으면 더 좋고, 오이 안먹으면 빼달라고 하셔도되요."
1,1004,20.6.19.금,5.0,비빔국수 맛집이에요 ^^
1,1004,20.6.19.금,4.0,맛있어요생각나서 멀리서 왔네요^^
1,1004,20.6.19.금,4.5,#맛 최고~~^#망향비빔국수
1,1004,20.6.19.금,5.0,본점이최고
1,1004,20.6.17.수,4.5,굿
1,1004,20.6.16.화,4.0,맛있어요~
1,1004,20.6.15.월,4.5,
1,1004,20.6.14.일,3.5,연천 나들이 갔다 망향비빔국수 본점이 있다는 말에 가봤어요.본점답게 맛도 있고 양도 진짜  많아요.
1,1004,20.6.14.일,3.5,본점이라 자주 가긴한데 미사점이 양이 훨씬 많습니다.
1,1004,20.6.13.토,5.0,여기 무진장 맛나요!!
1,1004,20.6.12.금,4.0,여자친구랑 둘다 맛잇게 먹엇어요!!
1,1004,20.6.10.수,5.0,친절해요
1,1004,20.6.6.토,4.0,역쉬본점인듯 맛나요
1,1004,20.6.6.토,5.0,역시 본점  노포집  정말 맛있어요   새건물 공사중이라  깨끗하고 시원한 자리에서  먹게 될날을 기다리게 되네요  ㅎㅎㅎ
1,1004,20.6.6.토,5.0,맛있어요
1,1004,20.6.1.월,4.5,맛있어요
1,1004,20.5.31.일,4.0,전문적 국수
1,1004,20.5.31.일,4.0,본점의 위엄
1,1004,20.5.30.토,5.0,굳
1,1004,20.5.30.토,0.5,맛있었는데 너무 더러워요지금같은 시기에 살균해도 모자라는판국에다보이는데 설거지를 너무 더럽게하고 땀닦은 더러운손으로 국수를 그릇에 담고 일하는 사람들 위생관념이 다들 빵점 인듯너무 더러워서 밥맛떨어져서 다시는 안갈생각 위생에 신경좀 쓰세요 사람들이 알아야 고칠텐데 아무도 말하는 사람이 없는듯 
1,1004,20.5.30.토,3.5,매콤달콤 맛있어요~
1,1004,20.5.30.토,5.0,진짜 맛있네요
1,1004,20.5.30.토,3.0,조금 덜달면 좋겠어요
1,1004,20.5.30.토,4.0,생각나는 맛!!
1,1004,20.5.29.금,4.5,너무너무너무 맛있어요ㅠㅠ
1,1004,20.5.29.금,5.0,맛있어요! 굿굿굿!
1,1004,20.5.24.일,3.0,거리대리 그냥 그럭저럭 매워요
1,1004,20.5.24.일,3.0,일반적인 매콤 새콤 비빔국수!체인이 많아서 굳이 여기까지 올 필요는 없는듯!?
1,1004,20.5.21.목,5.0,맛있네요. 육수가 없어요
1,1004,20.5.17.일,5.0,역시 비빔국수는 망향이 끝판왕
1,1004,20.5.17.일,3.0,사람들 많아 정신없고 맛은 일산이 더 나은듯했어요
1,1004,20.5.15.금,4.0,다른직영보다 저렴해서 좋아요
1,1004,20.5.13.수,5.0,넘~맛있어요
1,1004,20.5.13.수,3.0,명장냉면 맛있다.
1,1004,20.5.13.수,5.0,
1,1004,20.5.13.수,5.0,
1,1004,20.5.13.수,5.0,비빔국수 꼭 드셔보석요!살짝 매워요
1,1004,20.5.10.일,4.0,맛있어요
1,1004,20.5.10.일,5.0,정말 맛있어요
1,1004,20.5.8.금,5.0,맛있어요 진짜 최고 대박
1,1004,20.5.7.목,3.5,비빔국수는 맛난데...식혜랑 탕후루는 진짜 아니에여ㅠㅠ식혜 한모금 먹고 바로 윽 하고 새거랑 한모금먹은거 그대로 두고 나왔어요ㅠㅠ식혜가 아닌 꿀물...'ㅜㅜㅜㅜ
1,1004,20.5.6.수,5.0,식혜도 잊지말고 꼭 드세요
1,1004,20.5.6.수,5.0,자리도 넓고 주차장도럾고 좋아요
1,1004,20.5.6.수,5.0,본점이 진짜 제일 맛있어요!!!
1,1004,20.5.5.화,5.0,망향국수 새콤달콤 맛있어요
1,1004,20.5.5.화,5.0,아주 맛있게 잘먹었습니다^^
1,1004,20.5.5.화,4.0,국수 좋아한다면 추천!!
1,1004,20.5.4.월,5.0,어린이 국수 맛있어요^^
1,1004,20.5.4.월,5.0,존맛탱이에요.....
1,1004,20.5.3.일,4.0,역시 기대한 만큼 맛은 끝내주네요. 온육수가 없어서 조금 아쉬웠습니다 ㅎㅎ
1,1004,20.5.3.일,5.0,비빔국수 정말 맛있어요:)
1,1004,20.5.2.토,4.0,아이국수도맛있더라구요
1,1004,20.5.2.토,4.0,맛있어요반려견도같이갈수있어좋아요
1,1004,20.5.1.금,5.0,넘맛나여
1,1004,20.5.1.금,3.0,주문 시스템이 진짜 특이해요... 함바식당 같은 그런 느낌이에요... 가건물이고 화장실 별로입니다 ㅠㅠ
1,1004,20.5.1.금,5.0,양념 최고 !!! 또 먹고 싶어요.
1,1004,20.5.1.금,4.5,
1,1004,20.4.30.목,5.0,.
1,1004,20.4.30.목,4.0,#연천맛집#망향비빔국수본점면이 쫄깃
1,1004,20.4.30.목,4.5,#망향비빔국수본점 #연천맛집
1,1004,20.4.30.목,4.0,맛도 있고 좋아여ㅛ
1,1004,20.4.30.목,4.5,멀리와서 먹기를 참 잘했네요 넘 맛있어요~~^^
1,1004,20.4.29.수,3.0,잔치국수가 얼른 나와야할텐데..
1,1004,20.4.28.화,4.0,맛있었어요~
1,1004,20.4.26.일,4.5,맛이 별로라고 하신분도 계셔서 기대반 걱정반이였는데너무 맛있었어요 매운걸 잘먹는편은 아닌데 입안이 약간얼얼할 정도? 유정란 삶은거 파는거랑 만두시켜서 같이 먹으니 맛나요ㅎ따뜻한 둥글레차 있고 탕후루랑 식혜팔아요앞에서도 내부에서도 식사 가능하구요양쪽에 흡연구역이 있습니다 주차장도 넓어요음..친절은 기대하심 안되요ㅎㅎ선불이여서 테이블정하시고 테이블번호 말씀드리고음식 시켜드심 될듯요ㅎ
1,1004,20.4.26.일,4.0,
1,1004,20.4.25.토,4.0,맛나요
1,1004,20.4.25.토,5.0,ㅇㅇ
1,1004,20.4.25.토,3.0,맛있어요 
1,1004,20.4.19.일,5.0,맛있네요^^
1,1004,20.4.18.토,5.0,ㆍ
1,1004,20.4.18.토,5.0,ㆍ
1,1004,20.4.18.토,5.0,작년에 처음 본점에서 먹어보고 올해 또 왔어요날이 따뜻해지니 딱이네요비빔국수도 맛나고 만두랑 같이 먹으니 더 맛나요먹다보면 엄청 매콤해요군부대 바로 앞에 있는게 신기방기하고 특이한 분위기에요
1,1004,20.4.16.목,5.0,좋아요
1,1004,20.4.16.목,5.0,굿굿
1,1004,20.4.16.목,5.0,국수
1,1004,20.4.16.목,5.0,좋아요~~~~~~~
1,1004,20.4.11.토,5.0,내생애 비빔국수 최고!
1,1004,20.4.9.목,5.0,맛있어요
1,1004,20.4.5.일,4.0,사람이 많아서 그런지 정리가 잘 안돼있어요ㅜㅜ 
1,1004,20.3.29.일,5.0,망향은언제나옳죠너무나맛있습니다
1,1004,20.3.28.토,5.0,맛있어요~~^^
1,1004,20.3.28.토,4.0,맛 있어요주말  사람많아도  야외자리도 있고 주차도 편해요
1,1004,20.3.26.목,4.0,타지점보단 양이 작아요 좀 달지만 맛있어요 주차공간이 넓어서 좋아요 
1,1004,20.3.23.월,4.0,강철비 보고 왔어요 맛있어요
1,1004,20.3.20.금,5.0,맛있어요 ^^
1,1004,20.3.20.금,4.0,
1,1004,20.3.19.목,4.0,망향비빔국수짱
1,1004,20.3.18.수,5.0,본점이 역시 제일 맛있어요
1,1004,20.3.15.일,5.0,너무 맛있어요 ㅎㅎㅎ
1,1004,20.3.15.일,3.0,별로였어 
1,1004,20.3.8.일,4.0,비빔국수  맛있어요ㆍ조금 짜요
1,1004,20.3.6.금,5.0,존맛 본점이 존맛
1,1004,20.3.1.일,4.0,
1,1004,20.2.29.토,4.0,좋아요 
1,1004,20.2.29.토,5.0,최애 국수집♡
1,1004,20.2.27.목,5.0,정말 맛있어요 이맛이죠
1,1004,20.2.23.일,5.0,"말이 필요없죠!비빔국수, 잔치국수 매니아라면 꿀맛!애기국수 2,000원"
1,1004,20.2.23.일,3.5,맛나요~~
1,1004,20.2.23.일,4.0,추가해서 먹었어요
1,1004,20.2.23.일,4.0,맛나요
1,1004,20.2.16.일,5.0,완전 ㅇㅈ
1,1004,20.2.16.일,4.0,언제나 맛있음..!!
1,1004,20.2.9.일,5.0,비빔국수 양념이 맛있습니다! 식혜도 괜찮아요~
1,1004,20.2.2.일,5.0,맛있어용
1,1004,20.2.2.일,5.0,맛집인정
1,1004,20.1.26.일,2.0,잔치말고 비빔으로~!그러나 정말 맛있어서 찾아가 먹을만하진 않아요줄서서 먹는 이유를 모르겠음잔치는 국물이 짜고 면은 불어요비빔은 그런대로 괜찮았음
1,1004,20.1.21.화,5.0,맛있어요
1,1004,20.1.18.토,5.0,"#망향비빔국수오랜만에 먹으러 갔는데 예전보다 매콤함은,좀 줄어든것 같아요..제 입맛이 변한것일수고 있지만 그래도 맛있게 먹었네요~^^잔치국수..왜이렇게 맛있지?!처음먹어 봤는데..으뜸 입니다!"
1,1004,20.1.15.수,5.0,#망향비빔국수본점 #비빔국수맛집 #연천맛집
1,1004,20.1.13.월,5.0,맛탱
1,1004,20.1.5.일,5.0,맛있어요
1,1004,19.12.29.일,5.0,국수가 엄청시원하고 맛있어요!
1,1004,19.12.20.금,5.0,맛나요
1,1004,19.11.24.일,5.0,추천해요
1,1004,19.11.9.토,5.0,본점 역시 맛있음
1,1004,19.10.26.토,5.0,맛집이라 하여 가봤는데 비빔국수 맛이 쫄면과 같은 맛이어서 맛있었다 가격도 비싸지 않고 갈만했다
1,1004,19.10.4.금,5.0,
1,1004,19.10.4.금,4.0,좋아요 
1,1004,19.10.4.금,5.0,배리굳
1,1004,19.9.4.수,5.0,맛있습니다! 면발이 특이합니다!
1,1004,19.8.31.토,5.0,망향비빔국수 본점 소문대로 맛있어요
1,1004,19.8.11.일,5.0,비빔국수 끝판왕주말엔 정말 사람 미어터질 듯이 많아요정말 비빔국수 맛나네요
1,1004,19.8.9.금,4.0,끝내줘요
1,1004,19.8.5.월,4.0,식당 맞은 편이 넓은 주차장 있음비빔국수 강추~!
1,1004,19.8.1.목,5.0,비빔짱맛!! 근데 잔치국수가 없어져서 아쉬워요강철비에서 국수먹는장면을 여기서 찍었다쥬?
1,1004,19.7.25.목,4.0,맛있는데 굳이 본점을 찾아가서 먹을 정도냐고 물어보면 또 그건 좀.. 일단 맛있기는 합니다
1,1004,19.4.25.목,4.0,맛있어요~
1,1004,19.4.25.목,5.0,좋아요~^^
1,1004,19.3.24.일,3.5,괜찮아요.
1,1004,19.3.11.월,5.0,역시망향비빔국수는 본점이 맛있네요~^^만두도한판 시켜서 한알씩 먹었어요한판에 4알 입니다ㅋ예전보다소스가좀더매워진것같아요 속시원하게 맛있게먹었어요
1,1004,18.8.16.목,5.0,굿
3,1004,10.27.수,,물냉면 최고예요비냉은 달아요
3,1004,10.10.일,5.0,맛있어요.
3,1004,10.3.일,5.0,굿
3,1004,9.28.화,5.0,굿
3,1004,9.19.일,4.0,황해냉면물냉면 & 메밀꿩찐만두메밀향이 정말 좋네요. 단백하니 잘 먹었어요. ^^
3,1004,9.18.토,3.0,보통이네요  물냉면 육수도  수육도 별로여요
3,1004,9.15.수,5.0,굿
3,1004,9.12.일,5.0,맛있네요
3,1004,8.23.월,4.0,맛있어요
3,1004,8.17.화,3.5,"주차공간이 만만치 않습니다.사람 없는 평일은 괜찮은데 사람이 몰리면 음...가격은 평균 7천원으로 저럄해요.물냉면은 기성냉면과 비슷한듯 비슷하지 않은 맛입니다. 담백합니다. 비빔도 맛있어요. 만두도 굿굿사장님이 연세가 있으시고 내부가 클래식합니다. 분위기나 청결, 서비스를 신경쓴다면 식사하기가 조금 어렵겠어요. 연천여행하다가 한번쯤 맛볼만 합니다."
3,1004,8.17.화,5.0,굿
3,1004,8.15.일,5.0,
3,1004,7.14.수,5.0,맛남
3,1004,7.10.토,4.0,매우 맛난 집입니다.
3,1004,6.25.금,3.5,맛나요
3,1004,6.19.토,2.5,제 입맛은 그냥 쏘쏘
3,1004,6.17.목,5.0,
3,1004,6.13.일,3.0,만두맛있네요비냉 엄청 매워요근데 무절임엔 이상한 냄새
3,1004,6.4.금,4.0,맛나요
3,1004,5.31.월,5.0,맛짱
3,1004,5.19.수,5.0,맛남
3,1004,5.14.금,5.0,맛짱
3,1004,5.13.목,4.0,연천41년역사의 메밀물냉면집
3,1004,5.2.일,5.0,맛있어요
3,1004,4.27.화,5.0,친절해요
3,1004,4.14.수,5.0,굳
3,1004,4.10.토,5.0,특히 수육시키면 나오는 김치들 넘 맛있어요
3,1004,3.31.수,5.0,맛있어요
3,1004,3.26.금,5.0,굿
3,1004,3.8.월,4.0,평양냉면 맛은 나쁘지 않았어요.매장 내부 외부 모두 전체적으로 어수선한 감이 있어서 분위기와 함께 먹으러 오신다면 조금 실망하실 수 있습니다ㅎㅎ
3,1004,2.25.목,4.0,좀달아요
3,1004,2.25.목,4.0,굿
3,1004,2.21.일,3.0,냉면이랑 오이랑 건져먹을 때는 자연스러운 단맛이 나서 좋음국물은 고기육수 맛이 나서 좋은데 끝에 식초향이 조금 아쉬웠음평양냉면같은 맛을 기대하며 온다면 반 정도는 만족할 것 같음그리고 고양이 넘 귀여움
3,1004,2.10.수,4.0,"황해식당 메밀냉면 물, 비빔 모두 맛있어요. 맛집답게 식초, 겨자, 설탕, 양념장 기호에 맞춰 먹을수있어요. 꿩만두 하고 수육도 일품이네요. 묵은지에 싸먹으면 정말 맛나요~~거기에 소주한잔. 캬아 ~"
3,1004,1.27.수,5.0,싸고 맛있고...
3,1004,1.17.일,5.0,존맛
3,1004,20.10.24.토,5.0,황해도식 면입니다. 육수숨슴. 비빔면이 달지 않고 아주 차분한 맛이예요. 딱 냉면매니아스타일
3,1004,20.10.17.토,5.0,좋아요
3,1004,20.10.17.토,5.0,좋아요
3,1004,20.10.10.토,4.0,좋아요
3,1004,20.8.23.일,3.5,맛있어요
3,1004,20.8.23.일,3.5,맛있어요
3,1004,20.8.20.목,5.0,#왕징면#맛집#황해냉면육수맛집
3,1004,20.8.14.금,5.0,첫입과 두번째입부터 맛이 달라지는 신기한 경험 점점 중독성 있는 맛
3,1004,20.7.3.금,3.5,꿩만두 맛나요.
3,1004,20.5.29.금,5.0,제가 제일 좋아하는 냉면집이에요!!
3,1004,20.5.23.토,5.0,연천군 냉면 맛집
4,1004,10.10.일,3.0,해물양은 많은데 칼국수면 양이 적습니다손두부가 단단하고 맛있습니다김치만두는 신김치가 묵은맛이 많이 납니다음식이 전체적으로 투박한 옛날 시골 음식 맛입니다. 자극적인 양념맛을 기대하시면 맛이 없다고 느끼실 수 있습니다.
4,1004,9.28.화,5.0,갈때마다 비가 부슬부슬 그래서 꼭 막걸리도 찾게 되네요 국물에 고추송송 넣으면 칼칼해서안주로도 그만이네요
4,1004,9.28.화,2.5,자꾸 바지락 껍질이 씹히네요
4,1004,8.29.일,5.0,양많고 너무 맛있어요~
4,1004,7.17.토,4.0,칼국수 짱이예요^^
4,1004,6.28.월,5.0,맛있어요
4,1004,6.26.토,5.0,맛있는 해물칼국수 왕푸짐
4,1004,6.10.목,5.0,조아용
4,1004,6.7.월,3.5,ㆍ
4,1004,5.26.수,5.0,국물이 맛있어서 단골이된 곳이에요~~
4,1004,5.23.일,4.0,좋아요
4,1004,5.16.일,2.5,면이 덜 익었네여ㅠ
4,1004,5.15.토,4.5,북어포와 해산물을 가득 넣은 칼국수와 직접 만든 김치만두가 별미여름에는 별미 콩국수도 함께 맛볼수 있습니다.
4,1004,5.13.목,4.0,좋아요
4,1004,5.9.일,4.5,맛집잉요
4,1004,5.9.일,4.0,좋아요
4,1004,5.1.토,5.0,정말 맛나요강추 입니다
4,1004,4.24.토,4.0,좋아요~~
4,1004,4.18.일,5.0,정말 맛있어요~~
4,1004,4.17.토,4.0,좋아요
4,1004,4.17.토,4.0,맛있어요
4,1004,4.10.토,5.0,맛있어요
4,1004,4.10.토,3.5,좋아요
4,1004,4.9.금,3.5,좋아요
4,1004,4.9.금,4.0,좋아요
4,1004,4.4.일,4.0,조개 황태 등 해산물 많고 맛있어요
4,1004,3.27.토,5.0,좋아요^^
4,1004,3.27.토,5.0,좋아요^^
4,1004,3.27.토,3.5,좋아요
4,1004,3.27.토,3.5,좋아요
4,1004,3.7.일,3.0,좋아요
4,1004,3.2.화,5.0,맛있어요.해물과 북어의 만남 국물이 진해요.
4,1004,3.1.월,5.0,맛있어요
4,1004,3.1.월,5.0,맛있어요  굿
4,1004,3.1.월,4.5,맛나요~^^쪼아쪼아
4,1004,2.25.목,5.0,굿
4,1004,1.17.일,4.0,맛있어요
4,1004,1.2.토,3.0,좋아요 😄 👍👍🏻👍🏻좋아👏🏻👏🏻👏🏻
4,1004,20.12.5.토,4.0,역쉬 변하지않는 국물맛에  푸짐한 해물까지  십년이 넘게 다녀도  늘 한결같네요
4,1004,20.11.15.일,3.0,맛나요
4,1004,20.11.7.토,4.5,국물이 시원하고 끝내줘요. 면을 직접 만드신듯 부드럽고 맛있어요.
4,1004,20.10.24.토,5.0,해물이 많이 들어 있어 국물이 시원합니다
4,1004,20.8.31.월,5.0,최애 칼국수집!국물이 깔끔하니 시원해요
4,1004,20.8.9.일,4.5,진짜 맛집 참 맛집칼국수 맛 끝내줘요
4,1004,20.5.30.토,5.0,맛있고 친절해요 잘먹고가요
4,1004,20.5.30.토,4.5,양도 푸짐하고 넘 맛있네요♡♡
4,1004,20.5.23.토,5.0,간만에들렀는데 넘 맛나게 먹었어요
4,1004,19.12.30.월,5.0,#연천맛집#전곡맛집#꼭가봐야할집#칼국수맛집#고향손칼국수국물이 진짜 끝내줘요..진짜예요....정말이에요...먹기전부터 맛있어!!입만 살짝 대도맛있엉!!!ㅎㅎㅎㅎ 기분좋게 맛있게 먹었습니다. 면사리 추가도 있어서 식사하다가 부족하다 싶으면 사리추가나 밥추가해서 먹으면 딱 좋네요~잘먹었습니다^^
5,1004,10.28.목,,좋아요
5,1004,10.17.일,5.0,맛있어요
5,1004,10.16.토,4.0,손님 많아서 약간 불친절해요
5,1004,10.10.일,4.0,직원들 정신 없어요
5,1004,10.9.토,3.5,Good
5,1004,10.9.토,3.0,맛있어요
5,1004,10.9.토,2.5,매운탕은 맛있어요.하지만 친절한 서비스는 기대하지마시길.
5,1004,9.26.일,5.0,너무좋앗음
5,1004,9.22.수,5.0,넘  멋지고 맛있고
5,1004,9.22.수,4.0,굿
5,1004,9.22.수,4.5,정말 굿
5,1004,9.22.수,1.5,음식점이 너무 더러워요. 비린맛나요
5,1004,9.18.토,4.5,굿~맛있어요
5,1004,9.12.일,5.0,맛있습니다
5,1004,8.30.월,5.0,미식가 아빠의 입맛을 만족시킴!! 쏘가리매운탕 먹고 싶었는데 빠사리와 메기만 있었어요. 재료가 신선해서 진짜 맛있게 먹고 나왔네용~ 또 갈래요!!!
5,1004,8.25.수,5.0,굿
5,1004,8.22.일,5.0,10년만에 다시 가봤는데 예전보다 사람이 많네요.맛도 많이 변함이 없어 좋네요^^
5,1004,8.8.일,5.0,굳
5,1004,8.2.월,5.0,
5,1004,7.17.토,4.0,굿
5,1004,7.5.월,4.0,맛있어요
5,1004,6.25.금,3.0,생각보단 별로였네요
5,1004,6.20.일,4.5,맛있고 친절했어요.
5,1004,6.3.목,,맛있고 꺄끗합니아
5,1004,5.29.토,,굿
5,1004,5.8.토,5.0,맛잇어요
5,1004,4.19.월,5.0,
5,1004,3.7.일,1.0,별로에요
5,1004,2.11.목,4.5,공기 좋은곳에서 맛있게 잘 먹고 갑니다~~
5,1004,2.6.토,3.0,좋아요
5,1004,2.1.월,4.5,좋아요
5,1004,1.23.토,5.0,맛있습니다.
5,1004,20.12.31.목,5.0,좀 매운데 맛있어요! 친절하시구용 잘 먹었습니다~!
5,1004,20.12.30.수,5.0,매운탕 맛집 경치 맛집한탄강이 내려다 보여요
5,1004,20.12.25.금,4.0,칼칼하고 맛있어요 뷰도 멋집니다
5,1004,20.12.12.토,4.0,맛있다고해서 갔는데 정말맛나게 잘먹었어요
5,1004,20.11.23.월,4.0,민물고기 잡탕찌개.. 비리지않고 맛있네요.
5,1004,20.11.22.일,4.5,"저희암편 고향이 금산인데요 저희 아이들과 그맛을 가면 어묵을 먹고왔어요, 아이들이 어렸을때는 싫다고하였는데 이제 다큰 성인이 되니까 금산에 도둑질을 이야기하더군요, 그런데 그렇게 매운탕이다 어탕국수다 먹어봐도 시골에 맛이아니라는거예요,  그런데 생생정보통 불탄소가든이 딱 나오는데 고기도 직접 잡아서 매운탕을 끓여주고 김치며 밑반찬들도 다 괜찮게 나오길래 우리 이번 주말에 대비하여 아이들과 같이 찾아갔는데 매운탕 정말 맛있게 잘 먹고왔어요. 도토리묵은 맛있었는데 우리가족 입맛에는 너무 매워서 헉헉 거리며 먹었어요. 매운탕  정말 맛있게 먹었어요, 매운탕 생각날때마다 먹으러 갈거예요~~"
5,1004,20.11.15.일,5.0,좋아요
5,1004,20.10.9.금,3.5,마스크 좀 쓰세요 진짜...
5,1004,20.4.25.토,5.0,푸짐하네요~얼큰한 맛!
5,1004,20.4.11.토,1.0,이런 집이 왜 연천 맛집인지?인천에서 큰맘먹고연천까지 힘들게 가서먹을때는 아주 맛있었는데라면사리도 추가하고먹고재인폭포 구경하고집에 돌아오는 길에물을 얼마나 먹었는지 물배가 가득했네MSG를 많이 사용하면물이 들이킨다는데...만약 MSG때문이었다면좋은 재료로이렇게밖에 못만드나3대째라던가 하던데하여간 실망이다
5,1004,20.3.29.일,4.0,맛도 맛이지만 친절하고 너무 좋았어요잘 먹고 갑니다
6,1004,10.22.금,5.0,좋아요
6,1004,9.22.수,5.0,맛있어요
6,1004,9.19.일,4.0,매운탕이 맛이었요
6,1004,9.5.일,4.5,좋아요
6,1004,5.9.일,4.0,첫방문
6,1004,5.2.일,3.0,좋아요
6,1004,5.2.일,2.5,조아요
6,1004,5.2.일,5.0,좋아용
6,1004,5.2.일,5.0,좋아요
6,1004,4.29.목,4.0,매운탕 끝내줘요
6,1004,3.31.수,5.0,맛있어요
6,1004,3.3.수,5.0,맛있어요 진짜맛난곳
6,1004,2.17.수,4.0,굿
6,1004,1.31.일,4.5,맛있어요
6,1004,20.10.19.월,5.0,메기매운탕 맛있습니다.
6,1004,20.10.10.토,0.5,"일부러 맛있다고해서 찾아간곳이에요도착했을때 3시쯤이였고 한분빼고 다른분들은 밖에서 야채를 다듬고 계시더라고요잡탕4인과 메기매운탕2인 주문하였고, 저희말고 한팀이 먹고있었어요저희 주문할때 그팀에게 수제비도 직접 떼어 넣어주시더라구요그래서 저희도 수제비를 달라고하니 어느정도 먹고 수제비를 넣는거라고 하더니 수제비도 다른팀은 넣어주고 저흰 넣어먹으라고 반죽 주고 가시더라고요이렇게 리뷰쓰는 이유는 음식의 맛을 떠나서 너무 불친절한거에요정말 너무너무 불친절해서 저희가 함께 데리고간 친구네까지 기분나쁘다고..반찬도 탁탁 내려놓는데 던지는 수준이였습니다.3번까지 참았고 대놓고 인터넷에 올리겠다고 하니 그제야 조심하시더구요너무 기분 나빠서 리뷰올리려고 사진찍어왔습니다이제 다시는 안갈거같습니다"
6,1004,20.10.5.월,5.0,맛있어요~
6,1004,20.7.21.화,5.0,미나리 듬뿍. 조미료맛 나지않고 끓일수록 진한맛이 납니다 직접 손으로 뜯어넣어주신 수제비도👍
9,1004,10.24.일,,맛있어요
9,1004,10.11.월,5.0,오래간만에 전화 예약 하고 방문 했어요그전에 세를 주셨다가 원래 사장님이 다시 재오픈하셨다고 하시네요.가족분들이 운영 하셔서인지 친절하시고 세심하시고. 맛도 업그레이드 된듯..정말 맛있게 먹고 왔어요.도착 30분 전에 전화예약은 필수~~~
9,1004,10.10.일,5.0,좋아요
9,1004,9.20.월,4.0,가격표 수정하셔야겠어요~5만원 입니다. 도착30분전에 전화하셔야 시간절약 됩니다~다른메뉴는 없고 오리구이 다 먹을즈음에 밥에 김칫국 주문 하시면 됩니다. 공깃밥은 추가금액 나옵니다. 직접 구워주시니 안 태우고 먹을수 있어서 넘 넘 좋았어요^^
9,1004,9.19.일,2.5,"오리, 김치 맛은 좋아요~정겨운 분위기 좋아하시면 좋아할듯.."
9,1004,9.12.일,3.5,분위기 있고 좋았는데 벨이 없는점 불편하고 이날에는 사장님이 안 계셨어서 오리고기에 잔뼈들이 쫌 있었어요 그래도 남자직원분 친절하셔서 좋았습니다
9,1004,9.11.토,5.0,오리고기 맛있네요. 굿
9,1004,6.22.화,5.0,운치 있고 맛나고 좋아요
9,1004,5.9.일,4.5,분위기 좋고 맛있어요^^
9,1004,5.8.토,5.0,존맛... 양 진짜 많아요
9,1004,4.11.일,4.0,분위기가 좋아요
9,1004,20.9.26.토,5.0,산속 깊은곳에 자리한 곳~오리 맛있고 조용하니 좋아요~^^
9,1004,20.5.5.화,4.0,맛있어용~~ 단 양이적구 밖에서 먹을때는벨도 없어서 불편하고 일하시는분들이 불친절
9,1004,19.11.22.금,5.0,방문30분전에 미리 예약을 해야하구요2인 1마리가 적당합니다. 양이 많아보여도 다 구우면 양이 줄더라구요~고기좀 먹다가 밥달라고해서 먹었구요 너무 바쁜것같아거 추가반찬이랑 밥은 가져다 먹었어요~맛은진짜 기가막힙니다+_+청양고추 없어요..ㅠ
